[[1;34mINFO[m] Scanning for projects...
[[1;34mINFO[m] 
[[1;34mINFO[m] [1m--------------------< [0;36mcom.timetable:timetable-api[0;1m >---------------------[m
[[1;34mINFO[m] [1mBuilding timetable-api 0.0.1-SNAPSHOT[m
[[1;34mINFO[m]   from pom.xml
[[1;34mINFO[m] [1m--------------------------------[ jar ]---------------------------------[m
[[1;34mINFO[m] 
[[1;34mINFO[m] [1m>>> [0;32mspring-boot:3.5.7:run[m [1m(default-cli)[0;1m > [0;1mtest-compile[m @ [36mtimetable-api[0;1m >>>[m
[[1;34mINFO[m] 
[[1;34mINFO[m] [1m--- [0;32mresources:3.3.1:resources[m [1m(default-resources)[m @ [36mtimetable-api[0;1m ---[m
[[1;34mINFO[m] Copying 1 resource from src/main/resources to target/classes
[[1;34mINFO[m] Copying 10 resources from src/main/resources to target/classes
[[1;34mINFO[m] 
[[1;34mINFO[m] [1m--- [0;32mcompiler:3.14.1:compile[m [1m(default-compile)[m @ [36mtimetable-api[0;1m ---[m
[[1;34mINFO[m] Recompiling the module because of [1mchanged source code[m.
[[1;34mINFO[m] Compiling 72 source files with javac [debug parameters release 17] to target/classes
[[1;34mINFO[m] 
[[1;34mINFO[m] [1m--- [0;32mresources:3.3.1:testResources[m [1m(default-testResources)[m @ [36mtimetable-api[0;1m ---[m
[[1;34mINFO[m] Copying 1 resource from src/test/resources to target/test-classes
[[1;34mINFO[m] 
[[1;34mINFO[m] [1m--- [0;32mcompiler:3.14.1:testCompile[m [1m(default-testCompile)[m @ [36mtimetable-api[0;1m ---[m
[[1;34mINFO[m] Recompiling the module because of [1mchanged dependency[m.
[[1;34mINFO[m] Compiling 2 source files with javac [debug parameters release 17] to target/test-classes
[[1;34mINFO[m] 
[[1;34mINFO[m] [1m<<< [0;32mspring-boot:3.5.7:run[m [1m(default-cli)[0;1m < [0;1mtest-compile[m @ [36mtimetable-api[0;1m <<<[m
[[1;34mINFO[m] 
[[1;34mINFO[m] 
[[1;34mINFO[m] [1m--- [0;32mspring-boot:3.5.7:run[m [1m(default-cli)[m @ [36mtimetable-api[0;1m ---[m
[[1;34mINFO[m] Attaching agents: []

  .   ____          _            __ _ _
 /\\ / ___'_ __ _ _(_)_ __  __ _ \ \ \ \
( ( )\___ | '_ | '_| | '_ \/ _` | \ \ \ \
 \\/  ___)| |_)| | | | | || (_| |  ) ) ) )
  '  |____| .__|_| |_|_| |_\__, | / / / /
 =========|_|==============|___/=/_/_/_/

 :: Spring Boot ::                (v3.5.7)

2026-03-04T00:57:02.223+05:30  INFO 532434 --- [           main] c.t.t.TimetableApiApplication            : Starting TimetableApiApplication using Java 21.0.10 with PID 532434 (/home/vaibhav-sharma/Projects/schedulePlanner/mini_project/backend/target/classes started by vaibhav-sharma in /home/vaibhav-sharma/Projects/schedulePlanner/mini_project/backend)
2026-03-04T00:57:02.225+05:30  INFO 532434 --- [           main] c.t.t.TimetableApiApplication            : The following 1 profile is active: "dev"
2026-03-04T00:57:03.150+05:30  INFO 532434 --- [           main] .s.d.r.c.RepositoryConfigurationDelegate : Bootstrapping Spring Data JPA repositories in DEFAULT mode.
2026-03-04T00:57:03.243+05:30  INFO 532434 --- [           main] .s.d.r.c.RepositoryConfigurationDelegate : Finished Spring Data repository scanning in 87 ms. Found 13 JPA repository interfaces.
2026-03-04T00:57:03.728+05:30  INFO 532434 --- [           main] o.s.b.w.embedded.tomcat.TomcatWebServer  : Tomcat initialized with port 8080 (http)
2026-03-04T00:57:03.741+05:30  INFO 532434 --- [           main] o.apache.catalina.core.StandardService   : Starting service [Tomcat]
2026-03-04T00:57:03.742+05:30  INFO 532434 --- [           main] o.apache.catalina.core.StandardEngine    : Starting Servlet engine: [Apache Tomcat/10.1.48]
2026-03-04T00:57:03.783+05:30  INFO 532434 --- [           main] o.a.c.c.C.[Tomcat].[localhost].[/]       : Initializing Spring embedded WebApplicationContext
2026-03-04T00:57:03.784+05:30  INFO 532434 --- [           main] w.s.c.ServletWebServerApplicationContext : Root WebApplicationContext: initialization completed in 1510 ms
2026-03-04T00:57:04.058+05:30  INFO 532434 --- [           main] com.zaxxer.hikari.HikariDataSource       : HikariPool-1 - Starting...
2026-03-04T00:57:05.838+05:30  INFO 532434 --- [           main] com.zaxxer.hikari.pool.HikariPool        : HikariPool-1 - Added connection org.postgresql.jdbc.PgConnection@626c569b
2026-03-04T00:57:05.840+05:30  INFO 532434 --- [           main] com.zaxxer.hikari.HikariDataSource       : HikariPool-1 - Start completed.
2026-03-04T00:57:06.153+05:30  INFO 532434 --- [           main] org.flywaydb.core.FlywayExecutor         : Database: jdbc:postgresql://aws-1-ap-northeast-2.pooler.supabase.com:6543/postgres (PostgreSQL 17.6)
2026-03-04T00:57:07.271+05:30  WARN 532434 --- [           main] o.f.c.internal.database.base.Database    : Flyway upgrade recommended: PostgreSQL 17.6 is newer than this version of Flyway and support has not been tested. The latest supported version of PostgreSQL is 16.
2026-03-04T00:57:08.088+05:30  INFO 532434 --- [           main] o.f.core.internal.command.DbValidate     : Successfully validated 9 migrations (execution time 00:00.624s)
2026-03-04T00:57:09.782+05:30  INFO 532434 --- [           main] o.f.core.internal.command.DbMigrate      : Current version of schema "public": 9
2026-03-04T00:57:09.935+05:30  INFO 532434 --- [           main] o.f.core.internal.command.DbMigrate      : Schema "public" is up to date. No migration necessary.
2026-03-04T00:57:11.193+05:30  INFO 532434 --- [           main] o.hibernate.jpa.internal.util.LogHelper  : HHH000204: Processing PersistenceUnitInfo [name: default]
2026-03-04T00:57:11.246+05:30  INFO 532434 --- [           main] org.hibernate.Version                    : HHH000412: Hibernate ORM core version 6.6.33.Final
2026-03-04T00:57:11.281+05:30  INFO 532434 --- [           main] o.h.c.internal.RegionFactoryInitiator    : HHH000026: Second-level cache disabled
2026-03-04T00:57:11.582+05:30  INFO 532434 --- [           main] o.s.o.j.p.SpringPersistenceUnitInfo      : No LoadTimeWeaver setup: ignoring JPA class transformer
2026-03-04T00:57:12.076+05:30  WARN 532434 --- [           main] org.hibernate.orm.deprecation            : HHH90000025: PostgreSQLDialect does not need to be specified explicitly using 'hibernate.dialect' (remove the property setting and it will be selected by default)
2026-03-04T00:57:12.386+05:30  INFO 532434 --- [           main] org.hibernate.orm.connections.pooling    : HHH10001005: Database info:
	Database JDBC URL [Connecting through datasource 'HikariDataSource (HikariPool-1)']
	Database driver: undefined/unknown
	Database version: 17.6
	Autocommit mode: undefined/unknown
	Isolation level: undefined/unknown
	Minimum pool size: undefined/unknown
	Maximum pool size: undefined/unknown
2026-03-04T00:57:13.743+05:30  INFO 532434 --- [           main] o.h.e.t.j.p.i.JtaPlatformInitiator       : HHH000489: No JTA platform available (set 'hibernate.transaction.jta.platform' to enable JTA platform integration)
2026-03-04T00:57:14.623+05:30  INFO 532434 --- [           main] j.LocalContainerEntityManagerFactoryBean : Initialized JPA EntityManagerFactory for persistence unit 'default'
2026-03-04T00:57:14.977+05:30  INFO 532434 --- [           main] o.s.d.j.r.query.QueryEnhancerFactory     : Hibernate is in classpath; If applicable, HQL parser will be used.
2026-03-04T00:57:15.805+05:30  WARN 532434 --- [           main] JpaBaseConfiguration$JpaWebConfiguration : spring.jpa.open-in-view is enabled by default. Therefore, database queries may be performed during view rendering. Explicitly configure spring.jpa.open-in-view to disable this warning
2026-03-04T00:57:16.025+05:30  WARN 532434 --- [           main] .s.s.UserDetailsServiceAutoConfiguration : 

Using generated security password: c75a1d6d-6f33-407e-9470-d905674d629d

This generated password is for development use only. Your security configuration must be updated before running your application in production.

2026-03-04T00:57:16.032+05:30  INFO 532434 --- [           main] r$InitializeUserDetailsManagerConfigurer : Global AuthenticationManager configured with UserDetailsService bean with name inMemoryUserDetailsManager
2026-03-04T00:57:16.309+05:30  INFO 532434 --- [           main] o.s.b.w.embedded.tomcat.TomcatWebServer  : Tomcat started on port 8080 (http) with context path '/'
2026-03-04T00:57:16.317+05:30  INFO 532434 --- [           main] c.t.t.TimetableApiApplication            : Started TimetableApiApplication in 14.543 seconds (process running for 14.842)
2026-03-04T00:58:38.278+05:30  INFO 532434 --- [nio-8080-exec-1] o.a.c.c.C.[Tomcat].[localhost].[/]       : Initializing Spring DispatcherServlet 'dispatcherServlet'
2026-03-04T00:58:38.278+05:30  INFO 532434 --- [nio-8080-exec-1] o.s.web.servlet.DispatcherServlet        : Initializing Servlet 'dispatcherServlet'
2026-03-04T00:58:38.281+05:30  INFO 532434 --- [nio-8080-exec-1] o.s.web.servlet.DispatcherServlet        : Completed initialization in 3 ms
Hibernate: select sc1_0.class_id,sc1_0.offering_id,sc1_0.day_of_week,sc1_0.end_time,sc1_0.room_id,sc1_0.start_time from scheduled_classes sc1_0
Hibernate: select tm1_0.id,tm1_0."key",tm1_0."value" from timetable_metadata tm1_0 where tm1_0."key"=?
Hibernate: select co1_0.offering_id,co1_0.course_id,co1_0.faculty_id,co1_0.section_id from course_offerings co1_0
Hibernate: select c1_0.course_id,c1_0.course_code,c1_0.course_name,c1_0.course_type,c1_0.credit_hours,c1_0.lecture_hours,c1_0.practical_hours,c1_0.tutorial_hours from courses c1_0 where c1_0.course_id=?
Hibernate: select f1_0.faculty_id,f1_0.department_id,d1_0.department_id,d1_0.name,f1_0.designation,dc1_0.designation,dc1_0.max_lab_hours,dc1_0.max_lecture_hours,dc1_0.max_total_hours,dc1_0.priority_level,f1_0.first_name,f1_0.last_name,f1_0.middle_initial,f1_0.user_id,u1_0.user_id,u1_0.department_id,u1_0.email,u1_0.password_hash,u1_0.requires_password_reset,u1_0.role from faculty f1_0 join departments d1_0 on d1_0.department_id=f1_0.department_id join designation_constraints dc1_0 on dc1_0.designation=f1_0.designation join users u1_0 on u1_0.user_id=f1_0.user_id where f1_0.faculty_id=?
Hibernate: select s1_0.section_id,s1_0.department_id,d1_0.department_id,d1_0.name,s1_0.name,s1_0.semester,s1_0.student_count,s1_0."year" from sections s1_0 join departments d1_0 on d1_0.department_id=s1_0.department_id where s1_0.section_id=?
Hibernate: select c1_0.course_id,c1_0.course_code,c1_0.course_name,c1_0.course_type,c1_0.credit_hours,c1_0.lecture_hours,c1_0.practical_hours,c1_0.tutorial_hours from courses c1_0 where c1_0.course_id=?
Hibernate: select f1_0.faculty_id,f1_0.department_id,d1_0.department_id,d1_0.name,f1_0.designation,dc1_0.designation,dc1_0.max_lab_hours,dc1_0.max_lecture_hours,dc1_0.max_total_hours,dc1_0.priority_level,f1_0.first_name,f1_0.last_name,f1_0.middle_initial,f1_0.user_id,u1_0.user_id,u1_0.department_id,u1_0.email,u1_0.password_hash,u1_0.requires_password_reset,u1_0.role from faculty f1_0 join departments d1_0 on d1_0.department_id=f1_0.department_id join designation_constraints dc1_0 on dc1_0.designation=f1_0.designation join users u1_0 on u1_0.user_id=f1_0.user_id where f1_0.faculty_id=?
Hibernate: select c1_0.course_id,c1_0.course_code,c1_0.course_name,c1_0.course_type,c1_0.credit_hours,c1_0.lecture_hours,c1_0.practical_hours,c1_0.tutorial_hours from courses c1_0 where c1_0.course_id=?
Hibernate: select f1_0.faculty_id,f1_0.department_id,d1_0.department_id,d1_0.name,f1_0.designation,dc1_0.designation,dc1_0.max_lab_hours,dc1_0.max_lecture_hours,dc1_0.max_total_hours,dc1_0.priority_level,f1_0.first_name,f1_0.last_name,f1_0.middle_initial,f1_0.user_id,u1_0.user_id,u1_0.department_id,u1_0.email,u1_0.password_hash,u1_0.requires_password_reset,u1_0.role from faculty f1_0 join departments d1_0 on d1_0.department_id=f1_0.department_id join designation_constraints dc1_0 on dc1_0.designation=f1_0.designation join users u1_0 on u1_0.user_id=f1_0.user_id where f1_0.faculty_id=?
Hibernate: select c1_0.course_id,c1_0.course_code,c1_0.course_name,c1_0.course_type,c1_0.credit_hours,c1_0.lecture_hours,c1_0.practical_hours,c1_0.tutorial_hours from courses c1_0 where c1_0.course_id=?
Hibernate: select f1_0.faculty_id,f1_0.department_id,d1_0.department_id,d1_0.name,f1_0.designation,dc1_0.designation,dc1_0.max_lab_hours,dc1_0.max_lecture_hours,dc1_0.max_total_hours,dc1_0.priority_level,f1_0.first_name,f1_0.last_name,f1_0.middle_initial,f1_0.user_id,u1_0.user_id,u1_0.department_id,u1_0.email,u1_0.password_hash,u1_0.requires_password_reset,u1_0.role from faculty f1_0 join departments d1_0 on d1_0.department_id=f1_0.department_id join designation_constraints dc1_0 on dc1_0.designation=f1_0.designation join users u1_0 on u1_0.user_id=f1_0.user_id where f1_0.faculty_id=?
Hibernate: select c1_0.course_id,c1_0.course_code,c1_0.course_name,c1_0.course_type,c1_0.credit_hours,c1_0.lecture_hours,c1_0.practical_hours,c1_0.tutorial_hours from courses c1_0 where c1_0.course_id=?
Hibernate: select f1_0.faculty_id,f1_0.department_id,d1_0.department_id,d1_0.name,f1_0.designation,dc1_0.designation,dc1_0.max_lab_hours,dc1_0.max_lecture_hours,dc1_0.max_total_hours,dc1_0.priority_level,f1_0.first_name,f1_0.last_name,f1_0.middle_initial,f1_0.user_id,u1_0.user_id,u1_0.department_id,u1_0.email,u1_0.password_hash,u1_0.requires_password_reset,u1_0.role from faculty f1_0 join departments d1_0 on d1_0.department_id=f1_0.department_id join designation_constraints dc1_0 on dc1_0.designation=f1_0.designation join users u1_0 on u1_0.user_id=f1_0.user_id where f1_0.faculty_id=?
Hibernate: select s1_0.section_id,s1_0.department_id,d1_0.department_id,d1_0.name,s1_0.name,s1_0.semester,s1_0.student_count,s1_0."year" from sections s1_0 join departments d1_0 on d1_0.department_id=s1_0.department_id where s1_0.section_id=?
Hibernate: select c1_0.course_id,c1_0.course_code,c1_0.course_name,c1_0.course_type,c1_0.credit_hours,c1_0.lecture_hours,c1_0.practical_hours,c1_0.tutorial_hours from courses c1_0 where c1_0.course_id=?
Hibernate: select f1_0.faculty_id,f1_0.department_id,d1_0.department_id,d1_0.name,f1_0.designation,dc1_0.designation,dc1_0.max_lab_hours,dc1_0.max_lecture_hours,dc1_0.max_total_hours,dc1_0.priority_level,f1_0.first_name,f1_0.last_name,f1_0.middle_initial,f1_0.user_id,u1_0.user_id,u1_0.department_id,u1_0.email,u1_0.password_hash,u1_0.requires_password_reset,u1_0.role from faculty f1_0 join departments d1_0 on d1_0.department_id=f1_0.department_id join designation_constraints dc1_0 on dc1_0.designation=f1_0.designation join users u1_0 on u1_0.user_id=f1_0.user_id where f1_0.faculty_id=?
Hibernate: select s1_0.section_id,s1_0.department_id,d1_0.department_id,d1_0.name,s1_0.name,s1_0.semester,s1_0.student_count,s1_0."year" from sections s1_0 join departments d1_0 on d1_0.department_id=s1_0.department_id where s1_0.section_id=?
Hibernate: select s1_0.section_id,s1_0.department_id,d1_0.department_id,d1_0.name,s1_0.name,s1_0.semester,s1_0.student_count,s1_0."year" from sections s1_0 join departments d1_0 on d1_0.department_id=s1_0.department_id where s1_0.section_id=?
Hibernate: select c1_0.course_id,c1_0.course_code,c1_0.course_name,c1_0.course_type,c1_0.credit_hours,c1_0.lecture_hours,c1_0.practical_hours,c1_0.tutorial_hours from courses c1_0 where c1_0.course_id=?
Hibernate: select f1_0.faculty_id,f1_0.department_id,d1_0.department_id,d1_0.name,f1_0.designation,dc1_0.designation,dc1_0.max_lab_hours,dc1_0.max_lecture_hours,dc1_0.max_total_hours,dc1_0.priority_level,f1_0.first_name,f1_0.last_name,f1_0.middle_initial,f1_0.user_id,u1_0.user_id,u1_0.department_id,u1_0.email,u1_0.password_hash,u1_0.requires_password_reset,u1_0.role from faculty f1_0 join departments d1_0 on d1_0.department_id=f1_0.department_id join designation_constraints dc1_0 on dc1_0.designation=f1_0.designation join users u1_0 on u1_0.user_id=f1_0.user_id where f1_0.faculty_id=?
Hibernate: select s1_0.section_id,s1_0.department_id,d1_0.department_id,d1_0.name,s1_0.name,s1_0.semester,s1_0.student_count,s1_0."year" from sections s1_0 join departments d1_0 on d1_0.department_id=s1_0.department_id where s1_0.section_id=?
Hibernate: select c1_0.course_id,c1_0.course_code,c1_0.course_name,c1_0.course_type,c1_0.credit_hours,c1_0.lecture_hours,c1_0.practical_hours,c1_0.tutorial_hours from courses c1_0 where c1_0.course_id=?
Hibernate: select f1_0.faculty_id,f1_0.department_id,d1_0.department_id,d1_0.name,f1_0.designation,dc1_0.designation,dc1_0.max_lab_hours,dc1_0.max_lecture_hours,dc1_0.max_total_hours,dc1_0.priority_level,f1_0.first_name,f1_0.last_name,f1_0.middle_initial,f1_0.user_id,u1_0.user_id,u1_0.department_id,u1_0.email,u1_0.password_hash,u1_0.requires_password_reset,u1_0.role from faculty f1_0 join departments d1_0 on d1_0.department_id=f1_0.department_id join designation_constraints dc1_0 on dc1_0.designation=f1_0.designation join users u1_0 on u1_0.user_id=f1_0.user_id where f1_0.faculty_id=?
Hibernate: select c1_0.course_id,c1_0.course_code,c1_0.course_name,c1_0.course_type,c1_0.credit_hours,c1_0.lecture_hours,c1_0.practical_hours,c1_0.tutorial_hours from courses c1_0 where c1_0.course_id=?
Hibernate: select f1_0.faculty_id,f1_0.department_id,d1_0.department_id,d1_0.name,f1_0.designation,dc1_0.designation,dc1_0.max_lab_hours,dc1_0.max_lecture_hours,dc1_0.max_total_hours,dc1_0.priority_level,f1_0.first_name,f1_0.last_name,f1_0.middle_initial,f1_0.user_id,u1_0.user_id,u1_0.department_id,u1_0.email,u1_0.password_hash,u1_0.requires_password_reset,u1_0.role from faculty f1_0 join departments d1_0 on d1_0.department_id=f1_0.department_id join designation_constraints dc1_0 on dc1_0.designation=f1_0.designation join users u1_0 on u1_0.user_id=f1_0.user_id where f1_0.faculty_id=?
Hibernate: select c1_0.course_id,c1_0.course_code,c1_0.course_name,c1_0.course_type,c1_0.credit_hours,c1_0.lecture_hours,c1_0.practical_hours,c1_0.tutorial_hours from courses c1_0 where c1_0.course_id=?
Hibernate: select c1_0.course_id,c1_0.course_code,c1_0.course_name,c1_0.course_type,c1_0.credit_hours,c1_0.lecture_hours,c1_0.practical_hours,c1_0.tutorial_hours from courses c1_0 where c1_0.course_id=?
Hibernate: select f1_0.faculty_id,f1_0.department_id,d1_0.department_id,d1_0.name,f1_0.designation,dc1_0.designation,dc1_0.max_lab_hours,dc1_0.max_lecture_hours,dc1_0.max_total_hours,dc1_0.priority_level,f1_0.first_name,f1_0.last_name,f1_0.middle_initial,f1_0.user_id,u1_0.user_id,u1_0.department_id,u1_0.email,u1_0.password_hash,u1_0.requires_password_reset,u1_0.role from faculty f1_0 join departments d1_0 on d1_0.department_id=f1_0.department_id join designation_constraints dc1_0 on dc1_0.designation=f1_0.designation join users u1_0 on u1_0.user_id=f1_0.user_id where f1_0.faculty_id=?
Hibernate: select c1_0.course_id,c1_0.course_code,c1_0.course_name,c1_0.course_type,c1_0.credit_hours,c1_0.lecture_hours,c1_0.practical_hours,c1_0.tutorial_hours from courses c1_0 where c1_0.course_id=?
Hibernate: select f1_0.faculty_id,f1_0.department_id,d1_0.department_id,d1_0.name,f1_0.designation,dc1_0.designation,dc1_0.max_lab_hours,dc1_0.max_lecture_hours,dc1_0.max_total_hours,dc1_0.priority_level,f1_0.first_name,f1_0.last_name,f1_0.middle_initial,f1_0.user_id,u1_0.user_id,u1_0.department_id,u1_0.email,u1_0.password_hash,u1_0.requires_password_reset,u1_0.role from faculty f1_0 join departments d1_0 on d1_0.department_id=f1_0.department_id join designation_constraints dc1_0 on dc1_0.designation=f1_0.designation join users u1_0 on u1_0.user_id=f1_0.user_id where f1_0.faculty_id=?
Hibernate: select c1_0.course_id,c1_0.course_code,c1_0.course_name,c1_0.course_type,c1_0.credit_hours,c1_0.lecture_hours,c1_0.practical_hours,c1_0.tutorial_hours from courses c1_0 where c1_0.course_id=?
Hibernate: select f1_0.faculty_id,f1_0.department_id,d1_0.department_id,d1_0.name,f1_0.designation,dc1_0.designation,dc1_0.max_lab_hours,dc1_0.max_lecture_hours,dc1_0.max_total_hours,dc1_0.priority_level,f1_0.first_name,f1_0.last_name,f1_0.middle_initial,f1_0.user_id,u1_0.user_id,u1_0.department_id,u1_0.email,u1_0.password_hash,u1_0.requires_password_reset,u1_0.role from faculty f1_0 join departments d1_0 on d1_0.department_id=f1_0.department_id join designation_constraints dc1_0 on dc1_0.designation=f1_0.designation join users u1_0 on u1_0.user_id=f1_0.user_id where f1_0.faculty_id=?
Hibernate: select c1_0.course_id,c1_0.course_code,c1_0.course_name,c1_0.course_type,c1_0.credit_hours,c1_0.lecture_hours,c1_0.practical_hours,c1_0.tutorial_hours from courses c1_0 where c1_0.course_id=?
Hibernate: select f1_0.faculty_id,f1_0.department_id,d1_0.department_id,d1_0.name,f1_0.designation,dc1_0.designation,dc1_0.max_lab_hours,dc1_0.max_lecture_hours,dc1_0.max_total_hours,dc1_0.priority_level,f1_0.first_name,f1_0.last_name,f1_0.middle_initial,f1_0.user_id,u1_0.user_id,u1_0.department_id,u1_0.email,u1_0.password_hash,u1_0.requires_password_reset,u1_0.role from faculty f1_0 join departments d1_0 on d1_0.department_id=f1_0.department_id join designation_constraints dc1_0 on dc1_0.designation=f1_0.designation join users u1_0 on u1_0.user_id=f1_0.user_id where f1_0.faculty_id=?
Hibernate: select c1_0.course_id,c1_0.course_code,c1_0.course_name,c1_0.course_type,c1_0.credit_hours,c1_0.lecture_hours,c1_0.practical_hours,c1_0.tutorial_hours from courses c1_0 where c1_0.course_id=?
Hibernate: select c1_0.course_id,c1_0.course_code,c1_0.course_name,c1_0.course_type,c1_0.credit_hours,c1_0.lecture_hours,c1_0.practical_hours,c1_0.tutorial_hours from courses c1_0 where c1_0.course_id=?
Hibernate: select s1_0.section_id,s1_0.department_id,d1_0.department_id,d1_0.name,s1_0.name,s1_0.semester,s1_0.student_count,s1_0."year" from sections s1_0 join departments d1_0 on d1_0.department_id=s1_0.department_id where s1_0.section_id=?
Hibernate: select s1_0.section_id,s1_0.department_id,d1_0.department_id,d1_0.name,s1_0.name,s1_0.semester,s1_0.student_count,s1_0."year" from sections s1_0 join departments d1_0 on d1_0.department_id=s1_0.department_id where s1_0.section_id=?
Hibernate: select s1_0.section_id,s1_0.department_id,d1_0.department_id,d1_0.name,s1_0.name,s1_0.semester,s1_0.student_count,s1_0."year" from sections s1_0 join departments d1_0 on d1_0.department_id=s1_0.department_id where s1_0.section_id=?
Hibernate: select f1_0.faculty_id,f1_0.department_id,d1_0.department_id,d1_0.name,f1_0.designation,dc1_0.designation,dc1_0.max_lab_hours,dc1_0.max_lecture_hours,dc1_0.max_total_hours,dc1_0.priority_level,f1_0.first_name,f1_0.last_name,f1_0.middle_initial,f1_0.user_id,u1_0.user_id,u1_0.department_id,u1_0.email,u1_0.password_hash,u1_0.requires_password_reset,u1_0.role from faculty f1_0 join departments d1_0 on d1_0.department_id=f1_0.department_id join designation_constraints dc1_0 on dc1_0.designation=f1_0.designation join users u1_0 on u1_0.user_id=f1_0.user_id where f1_0.faculty_id=?
Hibernate: select f1_0.faculty_id,f1_0.department_id,d1_0.department_id,d1_0.name,f1_0.designation,dc1_0.designation,dc1_0.max_lab_hours,dc1_0.max_lecture_hours,dc1_0.max_total_hours,dc1_0.priority_level,f1_0.first_name,f1_0.last_name,f1_0.middle_initial,f1_0.user_id,u1_0.user_id,u1_0.department_id,u1_0.email,u1_0.password_hash,u1_0.requires_password_reset,u1_0.role from faculty f1_0 join departments d1_0 on d1_0.department_id=f1_0.department_id join designation_constraints dc1_0 on dc1_0.designation=f1_0.designation join users u1_0 on u1_0.user_id=f1_0.user_id where f1_0.faculty_id=?
Hibernate: select s1_0.section_id,s1_0.department_id,d1_0.department_id,d1_0.name,s1_0.name,s1_0.semester,s1_0.student_count,s1_0."year" from sections s1_0 join departments d1_0 on d1_0.department_id=s1_0.department_id where s1_0.section_id=?
Hibernate: select c1_0.course_id,c1_0.course_code,c1_0.course_name,c1_0.course_type,c1_0.credit_hours,c1_0.lecture_hours,c1_0.practical_hours,c1_0.tutorial_hours from courses c1_0 where c1_0.course_id=?
Hibernate: select f1_0.faculty_id,f1_0.department_id,d1_0.department_id,d1_0.name,f1_0.designation,dc1_0.designation,dc1_0.max_lab_hours,dc1_0.max_lecture_hours,dc1_0.max_total_hours,dc1_0.priority_level,f1_0.first_name,f1_0.last_name,f1_0.middle_initial,f1_0.user_id,u1_0.user_id,u1_0.department_id,u1_0.email,u1_0.password_hash,u1_0.requires_password_reset,u1_0.role from faculty f1_0 join departments d1_0 on d1_0.department_id=f1_0.department_id join designation_constraints dc1_0 on dc1_0.designation=f1_0.designation join users u1_0 on u1_0.user_id=f1_0.user_id where f1_0.faculty_id=?
Hibernate: select s1_0.section_id,s1_0.department_id,d1_0.department_id,d1_0.name,s1_0.name,s1_0.semester,s1_0.student_count,s1_0."year" from sections s1_0 join departments d1_0 on d1_0.department_id=s1_0.department_id where s1_0.section_id=?
Hibernate: select c1_0.course_id,c1_0.course_code,c1_0.course_name,c1_0.course_type,c1_0.credit_hours,c1_0.lecture_hours,c1_0.practical_hours,c1_0.tutorial_hours from courses c1_0 where c1_0.course_id=?
Hibernate: select f1_0.faculty_id,f1_0.department_id,d1_0.department_id,d1_0.name,f1_0.designation,dc1_0.designation,dc1_0.max_lab_hours,dc1_0.max_lecture_hours,dc1_0.max_total_hours,dc1_0.priority_level,f1_0.first_name,f1_0.last_name,f1_0.middle_initial,f1_0.user_id,u1_0.user_id,u1_0.department_id,u1_0.email,u1_0.password_hash,u1_0.requires_password_reset,u1_0.role from faculty f1_0 join departments d1_0 on d1_0.department_id=f1_0.department_id join designation_constraints dc1_0 on dc1_0.designation=f1_0.designation join users u1_0 on u1_0.user_id=f1_0.user_id where f1_0.faculty_id=?
Hibernate: select c1_0.course_id,c1_0.course_code,c1_0.course_name,c1_0.course_type,c1_0.credit_hours,c1_0.lecture_hours,c1_0.practical_hours,c1_0.tutorial_hours from courses c1_0 where c1_0.course_id=?
Hibernate: select c1_0.course_id,c1_0.course_code,c1_0.course_name,c1_0.course_type,c1_0.credit_hours,c1_0.lecture_hours,c1_0.practical_hours,c1_0.tutorial_hours from courses c1_0 where c1_0.course_id=?
Hibernate: select f1_0.faculty_id,f1_0.department_id,d1_0.department_id,d1_0.name,f1_0.designation,dc1_0.designation,dc1_0.max_lab_hours,dc1_0.max_lecture_hours,dc1_0.max_total_hours,dc1_0.priority_level,f1_0.first_name,f1_0.last_name,f1_0.middle_initial,f1_0.user_id,u1_0.user_id,u1_0.department_id,u1_0.email,u1_0.password_hash,u1_0.requires_password_reset,u1_0.role from faculty f1_0 join departments d1_0 on d1_0.department_id=f1_0.department_id join designation_constraints dc1_0 on dc1_0.designation=f1_0.designation join users u1_0 on u1_0.user_id=f1_0.user_id where f1_0.faculty_id=?
Hibernate: select c1_0.course_id,c1_0.course_code,c1_0.course_name,c1_0.course_type,c1_0.credit_hours,c1_0.lecture_hours,c1_0.practical_hours,c1_0.tutorial_hours from courses c1_0 where c1_0.course_id=?
Hibernate: select f1_0.faculty_id,f1_0.department_id,d1_0.department_id,d1_0.name,f1_0.designation,dc1_0.designation,dc1_0.max_lab_hours,dc1_0.max_lecture_hours,dc1_0.max_total_hours,dc1_0.priority_level,f1_0.first_name,f1_0.last_name,f1_0.middle_initial,f1_0.user_id,u1_0.user_id,u1_0.department_id,u1_0.email,u1_0.password_hash,u1_0.requires_password_reset,u1_0.role from faculty f1_0 join departments d1_0 on d1_0.department_id=f1_0.department_id join designation_constraints dc1_0 on dc1_0.designation=f1_0.designation join users u1_0 on u1_0.user_id=f1_0.user_id where f1_0.faculty_id=?
Hibernate: select c1_0.course_id,c1_0.course_code,c1_0.course_name,c1_0.course_type,c1_0.credit_hours,c1_0.lecture_hours,c1_0.practical_hours,c1_0.tutorial_hours from courses c1_0 where c1_0.course_id=?
Hibernate: select f1_0.faculty_id,f1_0.department_id,d1_0.department_id,d1_0.name,f1_0.designation,dc1_0.designation,dc1_0.max_lab_hours,dc1_0.max_lecture_hours,dc1_0.max_total_hours,dc1_0.priority_level,f1_0.first_name,f1_0.last_name,f1_0.middle_initial,f1_0.user_id,u1_0.user_id,u1_0.department_id,u1_0.email,u1_0.password_hash,u1_0.requires_password_reset,u1_0.role from faculty f1_0 join departments d1_0 on d1_0.department_id=f1_0.department_id join designation_constraints dc1_0 on dc1_0.designation=f1_0.designation join users u1_0 on u1_0.user_id=f1_0.user_id where f1_0.faculty_id=?
Hibernate: select s1_0.section_id,s1_0.department_id,d1_0.department_id,d1_0.name,s1_0.name,s1_0.semester,s1_0.student_count,s1_0."year" from sections s1_0 join departments d1_0 on d1_0.department_id=s1_0.department_id where s1_0.section_id=?
Hibernate: select s1_0.section_id,s1_0.department_id,d1_0.department_id,d1_0.name,s1_0.name,s1_0.semester,s1_0.student_count,s1_0."year" from sections s1_0 join departments d1_0 on d1_0.department_id=s1_0.department_id where s1_0.section_id=?
Hibernate: select s1_0.section_id,s1_0.department_id,d1_0.department_id,d1_0.name,s1_0.name,s1_0.semester,s1_0.student_count,s1_0."year" from sections s1_0 join departments d1_0 on d1_0.department_id=s1_0.department_id where s1_0.section_id=?
Hibernate: select f1_0.faculty_id,f1_0.department_id,d1_0.department_id,d1_0.name,f1_0.designation,dc1_0.designation,dc1_0.max_lab_hours,dc1_0.max_lecture_hours,dc1_0.max_total_hours,dc1_0.priority_level,f1_0.first_name,f1_0.last_name,f1_0.middle_initial,f1_0.user_id,u1_0.user_id,u1_0.department_id,u1_0.email,u1_0.password_hash,u1_0.requires_password_reset,u1_0.role from faculty f1_0 join departments d1_0 on d1_0.department_id=f1_0.department_id join designation_constraints dc1_0 on dc1_0.designation=f1_0.designation join users u1_0 on u1_0.user_id=f1_0.user_id where f1_0.faculty_id=?
Hibernate: select c1_0.course_id,c1_0.course_code,c1_0.course_name,c1_0.course_type,c1_0.credit_hours,c1_0.lecture_hours,c1_0.practical_hours,c1_0.tutorial_hours from courses c1_0 where c1_0.course_id=?
Hibernate: select f1_0.faculty_id,f1_0.department_id,d1_0.department_id,d1_0.name,f1_0.designation,dc1_0.designation,dc1_0.max_lab_hours,dc1_0.max_lecture_hours,dc1_0.max_total_hours,dc1_0.priority_level,f1_0.first_name,f1_0.last_name,f1_0.middle_initial,f1_0.user_id,u1_0.user_id,u1_0.department_id,u1_0.email,u1_0.password_hash,u1_0.requires_password_reset,u1_0.role from faculty f1_0 join departments d1_0 on d1_0.department_id=f1_0.department_id join designation_constraints dc1_0 on dc1_0.designation=f1_0.designation join users u1_0 on u1_0.user_id=f1_0.user_id where f1_0.faculty_id=?
Hibernate: select s1_0.section_id,s1_0.department_id,d1_0.department_id,d1_0.name,s1_0.name,s1_0.semester,s1_0.student_count,s1_0."year" from sections s1_0 join departments d1_0 on d1_0.department_id=s1_0.department_id where s1_0.section_id=?
Hibernate: select c1_0.course_id,c1_0.course_code,c1_0.course_name,c1_0.course_type,c1_0.credit_hours,c1_0.lecture_hours,c1_0.practical_hours,c1_0.tutorial_hours from courses c1_0 where c1_0.course_id=?
Hibernate: select f1_0.faculty_id,f1_0.department_id,d1_0.department_id,d1_0.name,f1_0.designation,dc1_0.designation,dc1_0.max_lab_hours,dc1_0.max_lecture_hours,dc1_0.max_total_hours,dc1_0.priority_level,f1_0.first_name,f1_0.last_name,f1_0.middle_initial,f1_0.user_id,u1_0.user_id,u1_0.department_id,u1_0.email,u1_0.password_hash,u1_0.requires_password_reset,u1_0.role from faculty f1_0 join departments d1_0 on d1_0.department_id=f1_0.department_id join designation_constraints dc1_0 on dc1_0.designation=f1_0.designation join users u1_0 on u1_0.user_id=f1_0.user_id where f1_0.faculty_id=?
Hibernate: select c1_0.course_id,c1_0.course_code,c1_0.course_name,c1_0.course_type,c1_0.credit_hours,c1_0.lecture_hours,c1_0.practical_hours,c1_0.tutorial_hours from courses c1_0 where c1_0.course_id=?
Hibernate: select f1_0.faculty_id,f1_0.department_id,d1_0.department_id,d1_0.name,f1_0.designation,dc1_0.designation,dc1_0.max_lab_hours,dc1_0.max_lecture_hours,dc1_0.max_total_hours,dc1_0.priority_level,f1_0.first_name,f1_0.last_name,f1_0.middle_initial,f1_0.user_id,u1_0.user_id,u1_0.department_id,u1_0.email,u1_0.password_hash,u1_0.requires_password_reset,u1_0.role from faculty f1_0 join departments d1_0 on d1_0.department_id=f1_0.department_id join designation_constraints dc1_0 on dc1_0.designation=f1_0.designation join users u1_0 on u1_0.user_id=f1_0.user_id where f1_0.faculty_id=?
Hibernate: select c1_0.course_id,c1_0.course_code,c1_0.course_name,c1_0.course_type,c1_0.credit_hours,c1_0.lecture_hours,c1_0.practical_hours,c1_0.tutorial_hours from courses c1_0 where c1_0.course_id=?
Hibernate: select c1_0.course_id,c1_0.course_code,c1_0.course_name,c1_0.course_type,c1_0.credit_hours,c1_0.lecture_hours,c1_0.practical_hours,c1_0.tutorial_hours from courses c1_0 where c1_0.course_id=?
Hibernate: select c1_0.course_id,c1_0.course_code,c1_0.course_name,c1_0.course_type,c1_0.credit_hours,c1_0.lecture_hours,c1_0.practical_hours,c1_0.tutorial_hours from courses c1_0 where c1_0.course_id=?
Hibernate: select c1_0.course_id,c1_0.course_code,c1_0.course_name,c1_0.course_type,c1_0.credit_hours,c1_0.lecture_hours,c1_0.practical_hours,c1_0.tutorial_hours from courses c1_0 where c1_0.course_id=?
Hibernate: select f1_0.faculty_id,f1_0.department_id,d1_0.department_id,d1_0.name,f1_0.designation,dc1_0.designation,dc1_0.max_lab_hours,dc1_0.max_lecture_hours,dc1_0.max_total_hours,dc1_0.priority_level,f1_0.first_name,f1_0.last_name,f1_0.middle_initial,f1_0.user_id,u1_0.user_id,u1_0.department_id,u1_0.email,u1_0.password_hash,u1_0.requires_password_reset,u1_0.role from faculty f1_0 join departments d1_0 on d1_0.department_id=f1_0.department_id join designation_constraints dc1_0 on dc1_0.designation=f1_0.designation join users u1_0 on u1_0.user_id=f1_0.user_id where f1_0.faculty_id=?
Hibernate: select c1_0.course_id,c1_0.course_code,c1_0.course_name,c1_0.course_type,c1_0.credit_hours,c1_0.lecture_hours,c1_0.practical_hours,c1_0.tutorial_hours from courses c1_0 where c1_0.course_id=?
Hibernate: select s1_0.section_id,s1_0.department_id,d1_0.department_id,d1_0.name,s1_0.name,s1_0.semester,s1_0.student_count,s1_0."year" from sections s1_0 join departments d1_0 on d1_0.department_id=s1_0.department_id where s1_0.section_id=?
Hibernate: select s1_0.section_id,s1_0.department_id,d1_0.department_id,d1_0.name,s1_0.name,s1_0.semester,s1_0.student_count,s1_0."year" from sections s1_0 join departments d1_0 on d1_0.department_id=s1_0.department_id where s1_0.section_id=?
Hibernate: select s1_0.section_id,s1_0.department_id,d1_0.department_id,d1_0.name,s1_0.name,s1_0.semester,s1_0.student_count,s1_0."year" from sections s1_0 join departments d1_0 on d1_0.department_id=s1_0.department_id where s1_0.section_id=?
Hibernate: select r1_0.room_id,r1_0.capacity,r1_0.room_number,r1_0.type from rooms r1_0
Hibernate: select ts1_0.time_slot_id,ts1_0.is_break,ts1_0.day_of_week,ts1_0.end_time,ts1_0.semester_group,ts1_0.start_time from time_slots ts1_0 order by ts1_0.day_of_week,ts1_0.start_time
Hibernate: select r1_0.room_id,r1_0.capacity,r1_0.room_number,r1_0.type from rooms r1_0
Hibernate: select r1_0.room_id,r1_0.capacity,r1_0.room_number,r1_0.type from rooms r1_0
Hibernate: select r1_0.room_id,r1_0.capacity,r1_0.room_number,r1_0.type from rooms r1_0 where r1_0.room_id=?
Hibernate: update rooms set capacity=?,room_number=?,type=? where room_id=?
Hibernate: select r1_0.room_id,r1_0.capacity,r1_0.room_number,r1_0.type from rooms r1_0
Hibernate: select r1_0.room_id,r1_0.capacity,r1_0.room_number,r1_0.type from rooms r1_0 where r1_0.room_id=?
Hibernate: update rooms set capacity=?,room_number=?,type=? where room_id=?
Hibernate: select r1_0.room_id,r1_0.capacity,r1_0.room_number,r1_0.type from rooms r1_0
Hibernate: select r1_0.room_id,r1_0.capacity,r1_0.room_number,r1_0.type from rooms r1_0 where r1_0.room_id=?
Hibernate: update rooms set capacity=?,room_number=?,type=? where room_id=?
Hibernate: select r1_0.room_id,r1_0.capacity,r1_0.room_number,r1_0.type from rooms r1_0
Hibernate: select r1_0.room_id,r1_0.capacity,r1_0.room_number,r1_0.type from rooms r1_0 where r1_0.room_id=?
Hibernate: update rooms set capacity=?,room_number=?,type=? where room_id=?
Hibernate: select r1_0.room_id,r1_0.capacity,r1_0.room_number,r1_0.type from rooms r1_0
Hibernate: select r1_0.room_id,r1_0.capacity,r1_0.room_number,r1_0.type from rooms r1_0 where r1_0.room_id=?
Hibernate: update rooms set capacity=?,room_number=?,type=? where room_id=?
Hibernate: select r1_0.room_id,r1_0.capacity,r1_0.room_number,r1_0.type from rooms r1_0
Hibernate: select r1_0.room_id,r1_0.capacity,r1_0.room_number,r1_0.type from rooms r1_0 where r1_0.room_id=?
Hibernate: update rooms set capacity=?,room_number=?,type=? where room_id=?
Hibernate: select r1_0.room_id,r1_0.capacity,r1_0.room_number,r1_0.type from rooms r1_0
Hibernate: select r1_0.room_id,r1_0.capacity,r1_0.room_number,r1_0.type from rooms r1_0 where r1_0.room_id=?
Hibernate: update rooms set capacity=?,room_number=?,type=? where room_id=?
Hibernate: select r1_0.room_id,r1_0.capacity,r1_0.room_number,r1_0.type from rooms r1_0
Hibernate: select f1_0.faculty_id,f1_0.department_id,f1_0.designation,f1_0.first_name,f1_0.last_name,f1_0.middle_initial,f1_0.user_id from faculty f1_0
Hibernate: select co1_0.offering_id,co1_0.course_id,co1_0.faculty_id,co1_0.section_id from course_offerings co1_0
Hibernate: select s1_0.section_id,s1_0.department_id,s1_0.name,s1_0.semester,s1_0.student_count,s1_0."year" from sections s1_0
Hibernate: select c1_0.course_id,c1_0.course_code,c1_0.course_name,c1_0.course_type,c1_0.credit_hours,c1_0.lecture_hours,c1_0.practical_hours,c1_0.tutorial_hours from courses c1_0
Hibernate: select d1_0.department_id,d1_0.name from departments d1_0 where d1_0.department_id=?
Hibernate: select c1_0.course_id,c1_0.course_code,c1_0.course_name,c1_0.course_type,c1_0.credit_hours,c1_0.lecture_hours,c1_0.practical_hours,c1_0.tutorial_hours from courses c1_0 where c1_0.course_id=?
Hibernate: select d1_0.department_id,d1_0.name from departments d1_0 where d1_0.department_id=?
Hibernate: select dc1_0.designation,dc1_0.max_lab_hours,dc1_0.max_lecture_hours,dc1_0.max_total_hours,dc1_0.priority_level from designation_constraints dc1_0 where dc1_0.designation=?
Hibernate: select f1_0.faculty_id,f1_0.department_id,d1_0.department_id,d1_0.name,f1_0.designation,dc1_0.designation,dc1_0.max_lab_hours,dc1_0.max_lecture_hours,dc1_0.max_total_hours,dc1_0.priority_level,f1_0.first_name,f1_0.last_name,f1_0.middle_initial,f1_0.user_id,u1_0.user_id,u1_0.department_id,u1_0.email,u1_0.password_hash,u1_0.requires_password_reset,u1_0.role from faculty f1_0 join departments d1_0 on d1_0.department_id=f1_0.department_id join designation_constraints dc1_0 on dc1_0.designation=f1_0.designation join users u1_0 on u1_0.user_id=f1_0.user_id where f1_0.faculty_id=?
Hibernate: select c1_0.course_id,c1_0.course_code,c1_0.course_name,c1_0.course_type,c1_0.credit_hours,c1_0.lecture_hours,c1_0.practical_hours,c1_0.tutorial_hours from courses c1_0
Hibernate: select u1_0.user_id,u1_0.department_id,u1_0.email,u1_0.password_hash,u1_0.requires_password_reset,u1_0.role from users u1_0 where u1_0.user_id=?
Hibernate: select s1_0.section_id,s1_0.department_id,d1_0.department_id,d1_0.name,s1_0.name,s1_0.semester,s1_0.student_count,s1_0."year" from sections s1_0 join departments d1_0 on d1_0.department_id=s1_0.department_id where s1_0.section_id=?
Hibernate: select s1_0.section_id,s1_0.department_id,s1_0.name,s1_0.semester,s1_0.student_count,s1_0."year" from sections s1_0
Hibernate: select dc1_0.designation,dc1_0.max_lab_hours,dc1_0.max_lecture_hours,dc1_0.max_total_hours,dc1_0.priority_level from designation_constraints dc1_0 where dc1_0.designation=?
Hibernate: select c1_0.course_id,c1_0.course_code,c1_0.course_name,c1_0.course_type,c1_0.credit_hours,c1_0.lecture_hours,c1_0.practical_hours,c1_0.tutorial_hours from courses c1_0 where c1_0.course_id=?
Hibernate: select u1_0.user_id,u1_0.department_id,u1_0.email,u1_0.password_hash,u1_0.requires_password_reset,u1_0.role from users u1_0 where u1_0.user_id=?
Hibernate: select d1_0.department_id,d1_0.name from departments d1_0 where d1_0.department_id=?
Hibernate: select f1_0.faculty_id,f1_0.department_id,d1_0.department_id,d1_0.name,f1_0.designation,dc1_0.designation,dc1_0.max_lab_hours,dc1_0.max_lecture_hours,dc1_0.max_total_hours,dc1_0.priority_level,f1_0.first_name,f1_0.last_name,f1_0.middle_initial,f1_0.user_id,u1_0.user_id,u1_0.department_id,u1_0.email,u1_0.password_hash,u1_0.requires_password_reset,u1_0.role from faculty f1_0 join departments d1_0 on d1_0.department_id=f1_0.department_id join designation_constraints dc1_0 on dc1_0.designation=f1_0.designation join users u1_0 on u1_0.user_id=f1_0.user_id where f1_0.faculty_id=?
Hibernate: select u1_0.user_id,u1_0.department_id,u1_0.email,u1_0.password_hash,u1_0.requires_password_reset,u1_0.role from users u1_0 where u1_0.user_id=?
Hibernate: select c1_0.course_id,c1_0.course_code,c1_0.course_name,c1_0.course_type,c1_0.credit_hours,c1_0.lecture_hours,c1_0.practical_hours,c1_0.tutorial_hours from courses c1_0 where c1_0.course_id=?
Hibernate: select dc1_0.designation,dc1_0.max_lab_hours,dc1_0.max_lecture_hours,dc1_0.max_total_hours,dc1_0.priority_level from designation_constraints dc1_0 where dc1_0.designation=?
Hibernate: select f1_0.faculty_id,f1_0.department_id,d1_0.department_id,d1_0.name,f1_0.designation,dc1_0.designation,dc1_0.max_lab_hours,dc1_0.max_lecture_hours,dc1_0.max_total_hours,dc1_0.priority_level,f1_0.first_name,f1_0.last_name,f1_0.middle_initial,f1_0.user_id,u1_0.user_id,u1_0.department_id,u1_0.email,u1_0.password_hash,u1_0.requires_password_reset,u1_0.role from faculty f1_0 join departments d1_0 on d1_0.department_id=f1_0.department_id join designation_constraints dc1_0 on dc1_0.designation=f1_0.designation join users u1_0 on u1_0.user_id=f1_0.user_id where f1_0.faculty_id=?
Hibernate: select u1_0.user_id,u1_0.department_id,u1_0.email,u1_0.password_hash,u1_0.requires_password_reset,u1_0.role from users u1_0 where u1_0.user_id=?
Hibernate: select c1_0.course_id,c1_0.course_code,c1_0.course_name,c1_0.course_type,c1_0.credit_hours,c1_0.lecture_hours,c1_0.practical_hours,c1_0.tutorial_hours from courses c1_0 where c1_0.course_id=?
Hibernate: select u1_0.user_id,u1_0.department_id,u1_0.email,u1_0.password_hash,u1_0.requires_password_reset,u1_0.role from users u1_0 where u1_0.user_id=?
Hibernate: select f1_0.faculty_id,f1_0.department_id,d1_0.department_id,d1_0.name,f1_0.designation,dc1_0.designation,dc1_0.max_lab_hours,dc1_0.max_lecture_hours,dc1_0.max_total_hours,dc1_0.priority_level,f1_0.first_name,f1_0.last_name,f1_0.middle_initial,f1_0.user_id,u1_0.user_id,u1_0.department_id,u1_0.email,u1_0.password_hash,u1_0.requires_password_reset,u1_0.role from faculty f1_0 join departments d1_0 on d1_0.department_id=f1_0.department_id join designation_constraints dc1_0 on dc1_0.designation=f1_0.designation join users u1_0 on u1_0.user_id=f1_0.user_id where f1_0.faculty_id=?
Hibernate: select dc1_0.designation,dc1_0.max_lab_hours,dc1_0.max_lecture_hours,dc1_0.max_total_hours,dc1_0.priority_level from designation_constraints dc1_0 where dc1_0.designation=?
Hibernate: select c1_0.course_id,c1_0.course_code,c1_0.course_name,c1_0.course_type,c1_0.credit_hours,c1_0.lecture_hours,c1_0.practical_hours,c1_0.tutorial_hours from courses c1_0 where c1_0.course_id=?
Hibernate: select u1_0.user_id,u1_0.department_id,u1_0.email,u1_0.password_hash,u1_0.requires_password_reset,u1_0.role from users u1_0 where u1_0.user_id=?
Hibernate: select u1_0.user_id,u1_0.department_id,u1_0.email,u1_0.password_hash,u1_0.requires_password_reset,u1_0.role from users u1_0 where u1_0.user_id=?
Hibernate: select f1_0.faculty_id,f1_0.department_id,d1_0.department_id,d1_0.name,f1_0.designation,dc1_0.designation,dc1_0.max_lab_hours,dc1_0.max_lecture_hours,dc1_0.max_total_hours,dc1_0.priority_level,f1_0.first_name,f1_0.last_name,f1_0.middle_initial,f1_0.user_id,u1_0.user_id,u1_0.department_id,u1_0.email,u1_0.password_hash,u1_0.requires_password_reset,u1_0.role from faculty f1_0 join departments d1_0 on d1_0.department_id=f1_0.department_id join designation_constraints dc1_0 on dc1_0.designation=f1_0.designation join users u1_0 on u1_0.user_id=f1_0.user_id where f1_0.faculty_id=?
Hibernate: select u1_0.user_id,u1_0.department_id,u1_0.email,u1_0.password_hash,u1_0.requires_password_reset,u1_0.role from users u1_0 where u1_0.user_id=?
Hibernate: select s1_0.section_id,s1_0.department_id,d1_0.department_id,d1_0.name,s1_0.name,s1_0.semester,s1_0.student_count,s1_0."year" from sections s1_0 join departments d1_0 on d1_0.department_id=s1_0.department_id where s1_0.section_id=?
Hibernate: select dc1_0.designation,dc1_0.max_lab_hours,dc1_0.max_lecture_hours,dc1_0.max_total_hours,dc1_0.priority_level from designation_constraints dc1_0 where dc1_0.designation=?
Hibernate: select c1_0.course_id,c1_0.course_code,c1_0.course_name,c1_0.course_type,c1_0.credit_hours,c1_0.lecture_hours,c1_0.practical_hours,c1_0.tutorial_hours from courses c1_0 where c1_0.course_id=?
Hibernate: select u1_0.user_id,u1_0.department_id,u1_0.email,u1_0.password_hash,u1_0.requires_password_reset,u1_0.role from users u1_0 where u1_0.user_id=?
Hibernate: select f1_0.faculty_id,f1_0.department_id,d1_0.department_id,d1_0.name,f1_0.designation,dc1_0.designation,dc1_0.max_lab_hours,dc1_0.max_lecture_hours,dc1_0.max_total_hours,dc1_0.priority_level,f1_0.first_name,f1_0.last_name,f1_0.middle_initial,f1_0.user_id,u1_0.user_id,u1_0.department_id,u1_0.email,u1_0.password_hash,u1_0.requires_password_reset,u1_0.role from faculty f1_0 join departments d1_0 on d1_0.department_id=f1_0.department_id join designation_constraints dc1_0 on dc1_0.designation=f1_0.designation join users u1_0 on u1_0.user_id=f1_0.user_id where f1_0.faculty_id=?
Hibernate: select dc1_0.designation,dc1_0.max_lab_hours,dc1_0.max_lecture_hours,dc1_0.max_total_hours,dc1_0.priority_level from designation_constraints dc1_0 where dc1_0.designation=?
Hibernate: select s1_0.section_id,s1_0.department_id,d1_0.department_id,d1_0.name,s1_0.name,s1_0.semester,s1_0.student_count,s1_0."year" from sections s1_0 join departments d1_0 on d1_0.department_id=s1_0.department_id where s1_0.section_id=?
Hibernate: select u1_0.user_id,u1_0.department_id,u1_0.email,u1_0.password_hash,u1_0.requires_password_reset,u1_0.role from users u1_0 where u1_0.user_id=?
Hibernate: select s1_0.section_id,s1_0.department_id,d1_0.department_id,d1_0.name,s1_0.name,s1_0.semester,s1_0.student_count,s1_0."year" from sections s1_0 join departments d1_0 on d1_0.department_id=s1_0.department_id where s1_0.section_id=?
Hibernate: select u1_0.user_id,u1_0.department_id,u1_0.email,u1_0.password_hash,u1_0.requires_password_reset,u1_0.role from users u1_0 where u1_0.user_id=?
Hibernate: select c1_0.course_id,c1_0.course_code,c1_0.course_name,c1_0.course_type,c1_0.credit_hours,c1_0.lecture_hours,c1_0.practical_hours,c1_0.tutorial_hours from courses c1_0 where c1_0.course_id=?
Hibernate: select u1_0.user_id,u1_0.department_id,u1_0.email,u1_0.password_hash,u1_0.requires_password_reset,u1_0.role from users u1_0 where u1_0.user_id=?
Hibernate: select f1_0.faculty_id,f1_0.department_id,d1_0.department_id,d1_0.name,f1_0.designation,dc1_0.designation,dc1_0.max_lab_hours,dc1_0.max_lecture_hours,dc1_0.max_total_hours,dc1_0.priority_level,f1_0.first_name,f1_0.last_name,f1_0.middle_initial,f1_0.user_id,u1_0.user_id,u1_0.department_id,u1_0.email,u1_0.password_hash,u1_0.requires_password_reset,u1_0.role from faculty f1_0 join departments d1_0 on d1_0.department_id=f1_0.department_id join designation_constraints dc1_0 on dc1_0.designation=f1_0.designation join users u1_0 on u1_0.user_id=f1_0.user_id where f1_0.faculty_id=?
Hibernate: select u1_0.user_id,u1_0.department_id,u1_0.email,u1_0.password_hash,u1_0.requires_password_reset,u1_0.role from users u1_0 where u1_0.user_id=?
Hibernate: select s1_0.section_id,s1_0.department_id,d1_0.department_id,d1_0.name,s1_0.name,s1_0.semester,s1_0.student_count,s1_0."year" from sections s1_0 join departments d1_0 on d1_0.department_id=s1_0.department_id where s1_0.section_id=?
Hibernate: select u1_0.user_id,u1_0.department_id,u1_0.email,u1_0.password_hash,u1_0.requires_password_reset,u1_0.role from users u1_0 where u1_0.user_id=?
Hibernate: select c1_0.course_id,c1_0.course_code,c1_0.course_name,c1_0.course_type,c1_0.credit_hours,c1_0.lecture_hours,c1_0.practical_hours,c1_0.tutorial_hours from courses c1_0 where c1_0.course_id=?
Hibernate: select u1_0.user_id,u1_0.department_id,u1_0.email,u1_0.password_hash,u1_0.requires_password_reset,u1_0.role from users u1_0 where u1_0.user_id=?
Hibernate: select f1_0.faculty_id,f1_0.department_id,d1_0.department_id,d1_0.name,f1_0.designation,dc1_0.designation,dc1_0.max_lab_hours,dc1_0.max_lecture_hours,dc1_0.max_total_hours,dc1_0.priority_level,f1_0.first_name,f1_0.last_name,f1_0.middle_initial,f1_0.user_id,u1_0.user_id,u1_0.department_id,u1_0.email,u1_0.password_hash,u1_0.requires_password_reset,u1_0.role from faculty f1_0 join departments d1_0 on d1_0.department_id=f1_0.department_id join designation_constraints dc1_0 on dc1_0.designation=f1_0.designation join users u1_0 on u1_0.user_id=f1_0.user_id where f1_0.faculty_id=?
Hibernate: select u1_0.user_id,u1_0.department_id,u1_0.email,u1_0.password_hash,u1_0.requires_password_reset,u1_0.role from users u1_0 where u1_0.user_id=?
Hibernate: select c1_0.course_id,c1_0.course_code,c1_0.course_name,c1_0.course_type,c1_0.credit_hours,c1_0.lecture_hours,c1_0.practical_hours,c1_0.tutorial_hours from courses c1_0 where c1_0.course_id=?
Hibernate: select u1_0.user_id,u1_0.department_id,u1_0.email,u1_0.password_hash,u1_0.requires_password_reset,u1_0.role from users u1_0 where u1_0.user_id=?
Hibernate: select f1_0.faculty_id,f1_0.department_id,d1_0.department_id,d1_0.name,f1_0.designation,dc1_0.designation,dc1_0.max_lab_hours,dc1_0.max_lecture_hours,dc1_0.max_total_hours,dc1_0.priority_level,f1_0.first_name,f1_0.last_name,f1_0.middle_initial,f1_0.user_id,u1_0.user_id,u1_0.department_id,u1_0.email,u1_0.password_hash,u1_0.requires_password_reset,u1_0.role from faculty f1_0 join departments d1_0 on d1_0.department_id=f1_0.department_id join designation_constraints dc1_0 on dc1_0.designation=f1_0.designation join users u1_0 on u1_0.user_id=f1_0.user_id where f1_0.faculty_id=?
Hibernate: select u1_0.user_id,u1_0.department_id,u1_0.email,u1_0.password_hash,u1_0.requires_password_reset,u1_0.role from users u1_0 where u1_0.user_id=?
Hibernate: select c1_0.course_id,c1_0.course_code,c1_0.course_name,c1_0.course_type,c1_0.credit_hours,c1_0.lecture_hours,c1_0.practical_hours,c1_0.tutorial_hours from courses c1_0 where c1_0.course_id=?
Hibernate: select u1_0.user_id,u1_0.department_id,u1_0.email,u1_0.password_hash,u1_0.requires_password_reset,u1_0.role from users u1_0 where u1_0.user_id=?
Hibernate: select c1_0.course_id,c1_0.course_code,c1_0.course_name,c1_0.course_type,c1_0.credit_hours,c1_0.lecture_hours,c1_0.practical_hours,c1_0.tutorial_hours from courses c1_0 where c1_0.course_id=?
Hibernate: select u1_0.user_id,u1_0.department_id,u1_0.email,u1_0.password_hash,u1_0.requires_password_reset,u1_0.role from users u1_0 where u1_0.user_id=?
Hibernate: select f1_0.faculty_id,f1_0.department_id,d1_0.department_id,d1_0.name,f1_0.designation,dc1_0.designation,dc1_0.max_lab_hours,dc1_0.max_lecture_hours,dc1_0.max_total_hours,dc1_0.priority_level,f1_0.first_name,f1_0.last_name,f1_0.middle_initial,f1_0.user_id,u1_0.user_id,u1_0.department_id,u1_0.email,u1_0.password_hash,u1_0.requires_password_reset,u1_0.role from faculty f1_0 join departments d1_0 on d1_0.department_id=f1_0.department_id join designation_constraints dc1_0 on dc1_0.designation=f1_0.designation join users u1_0 on u1_0.user_id=f1_0.user_id where f1_0.faculty_id=?
Hibernate: select dc1_0.designation,dc1_0.max_lab_hours,dc1_0.max_lecture_hours,dc1_0.max_total_hours,dc1_0.priority_level from designation_constraints dc1_0 where dc1_0.designation=?
Hibernate: select c1_0.course_id,c1_0.course_code,c1_0.course_name,c1_0.course_type,c1_0.credit_hours,c1_0.lecture_hours,c1_0.practical_hours,c1_0.tutorial_hours from courses c1_0 where c1_0.course_id=?
Hibernate: select u1_0.user_id,u1_0.department_id,u1_0.email,u1_0.password_hash,u1_0.requires_password_reset,u1_0.role from users u1_0 where u1_0.user_id=?
Hibernate: select f1_0.faculty_id,f1_0.department_id,d1_0.department_id,d1_0.name,f1_0.designation,dc1_0.designation,dc1_0.max_lab_hours,dc1_0.max_lecture_hours,dc1_0.max_total_hours,dc1_0.priority_level,f1_0.first_name,f1_0.last_name,f1_0.middle_initial,f1_0.user_id,u1_0.user_id,u1_0.department_id,u1_0.email,u1_0.password_hash,u1_0.requires_password_reset,u1_0.role from faculty f1_0 join departments d1_0 on d1_0.department_id=f1_0.department_id join designation_constraints dc1_0 on dc1_0.designation=f1_0.designation join users u1_0 on u1_0.user_id=f1_0.user_id where f1_0.faculty_id=?
Hibernate: select u1_0.user_id,u1_0.department_id,u1_0.email,u1_0.password_hash,u1_0.requires_password_reset,u1_0.role from users u1_0 where u1_0.user_id=?
Hibernate: select u1_0.user_id,u1_0.department_id,u1_0.email,u1_0.password_hash,u1_0.requires_password_reset,u1_0.role from users u1_0 where u1_0.user_id=?
Hibernate: select c1_0.course_id,c1_0.course_code,c1_0.course_name,c1_0.course_type,c1_0.credit_hours,c1_0.lecture_hours,c1_0.practical_hours,c1_0.tutorial_hours from courses c1_0 where c1_0.course_id=?
Hibernate: select u1_0.user_id,u1_0.department_id,u1_0.email,u1_0.password_hash,u1_0.requires_password_reset,u1_0.role from users u1_0 where u1_0.user_id=?
Hibernate: select f1_0.faculty_id,f1_0.department_id,d1_0.department_id,d1_0.name,f1_0.designation,dc1_0.designation,dc1_0.max_lab_hours,dc1_0.max_lecture_hours,dc1_0.max_total_hours,dc1_0.priority_level,f1_0.first_name,f1_0.last_name,f1_0.middle_initial,f1_0.user_id,u1_0.user_id,u1_0.department_id,u1_0.email,u1_0.password_hash,u1_0.requires_password_reset,u1_0.role from faculty f1_0 join departments d1_0 on d1_0.department_id=f1_0.department_id join designation_constraints dc1_0 on dc1_0.designation=f1_0.designation join users u1_0 on u1_0.user_id=f1_0.user_id where f1_0.faculty_id=?
Hibernate: select u1_0.user_id,u1_0.department_id,u1_0.email,u1_0.password_hash,u1_0.requires_password_reset,u1_0.role from users u1_0 where u1_0.user_id=?
Hibernate: select c1_0.course_id,c1_0.course_code,c1_0.course_name,c1_0.course_type,c1_0.credit_hours,c1_0.lecture_hours,c1_0.practical_hours,c1_0.tutorial_hours from courses c1_0 where c1_0.course_id=?
Hibernate: select u1_0.user_id,u1_0.department_id,u1_0.email,u1_0.password_hash,u1_0.requires_password_reset,u1_0.role from users u1_0 where u1_0.user_id=?
Hibernate: select sc1_0.class_id,sc1_0.offering_id,sc1_0.day_of_week,sc1_0.end_time,sc1_0.room_id,sc1_0.start_time from scheduled_classes sc1_0
Hibernate: select f1_0.faculty_id,f1_0.department_id,d1_0.department_id,d1_0.name,f1_0.designation,dc1_0.designation,dc1_0.max_lab_hours,dc1_0.max_lecture_hours,dc1_0.max_total_hours,dc1_0.priority_level,f1_0.first_name,f1_0.last_name,f1_0.middle_initial,f1_0.user_id,u1_0.user_id,u1_0.department_id,u1_0.email,u1_0.password_hash,u1_0.requires_password_reset,u1_0.role from faculty f1_0 join departments d1_0 on d1_0.department_id=f1_0.department_id join designation_constraints dc1_0 on dc1_0.designation=f1_0.designation join users u1_0 on u1_0.user_id=f1_0.user_id where f1_0.faculty_id=?
Hibernate: select u1_0.user_id,u1_0.department_id,u1_0.email,u1_0.password_hash,u1_0.requires_password_reset,u1_0.role from users u1_0 where u1_0.user_id=?
Hibernate: select c1_0.course_id,c1_0.course_code,c1_0.course_name,c1_0.course_type,c1_0.credit_hours,c1_0.lecture_hours,c1_0.practical_hours,c1_0.tutorial_hours from courses c1_0 where c1_0.course_id=?
Hibernate: select tm1_0.id,tm1_0."key",tm1_0."value" from timetable_metadata tm1_0 where tm1_0."key"=?
Hibernate: select u1_0.user_id,u1_0.department_id,u1_0.email,u1_0.password_hash,u1_0.requires_password_reset,u1_0.role from users u1_0 where u1_0.user_id=?
Hibernate: select c1_0.course_id,c1_0.course_code,c1_0.course_name,c1_0.course_type,c1_0.credit_hours,c1_0.lecture_hours,c1_0.practical_hours,c1_0.tutorial_hours from courses c1_0 where c1_0.course_id=?
Hibernate: select co1_0.offering_id,co1_0.course_id,co1_0.faculty_id,co1_0.section_id from course_offerings co1_0
Hibernate: select s1_0.section_id,s1_0.department_id,d1_0.department_id,d1_0.name,s1_0.name,s1_0.semester,s1_0.student_count,s1_0."year" from sections s1_0 join departments d1_0 on d1_0.department_id=s1_0.department_id where s1_0.section_id=?
Hibernate: select c1_0.course_id,c1_0.course_code,c1_0.course_name,c1_0.course_type,c1_0.credit_hours,c1_0.lecture_hours,c1_0.practical_hours,c1_0.tutorial_hours from courses c1_0 where c1_0.course_id=?
Hibernate: select f1_0.faculty_id,f1_0.department_id,f1_0.designation,f1_0.first_name,f1_0.last_name,f1_0.middle_initial,f1_0.user_id from faculty f1_0
Hibernate: select s1_0.section_id,s1_0.department_id,d1_0.department_id,d1_0.name,s1_0.name,s1_0.semester,s1_0.student_count,s1_0."year" from sections s1_0 join departments d1_0 on d1_0.department_id=s1_0.department_id where s1_0.section_id=?
Hibernate: select f1_0.faculty_id,f1_0.department_id,d1_0.department_id,d1_0.name,f1_0.designation,dc1_0.designation,dc1_0.max_lab_hours,dc1_0.max_lecture_hours,dc1_0.max_total_hours,dc1_0.priority_level,f1_0.first_name,f1_0.last_name,f1_0.middle_initial,f1_0.user_id,u1_0.user_id,u1_0.department_id,u1_0.email,u1_0.password_hash,u1_0.requires_password_reset,u1_0.role from faculty f1_0 join departments d1_0 on d1_0.department_id=f1_0.department_id join designation_constraints dc1_0 on dc1_0.designation=f1_0.designation join users u1_0 on u1_0.user_id=f1_0.user_id where f1_0.faculty_id=?
Hibernate: select d1_0.department_id,d1_0.name from departments d1_0 where d1_0.department_id=?
Hibernate: select s1_0.section_id,s1_0.department_id,d1_0.department_id,d1_0.name,s1_0.name,s1_0.semester,s1_0.student_count,s1_0."year" from sections s1_0 join departments d1_0 on d1_0.department_id=s1_0.department_id where s1_0.section_id=?
Hibernate: select s1_0.section_id,s1_0.department_id,d1_0.department_id,d1_0.name,s1_0.name,s1_0.semester,s1_0.student_count,s1_0."year" from sections s1_0 join departments d1_0 on d1_0.department_id=s1_0.department_id where s1_0.section_id=?
Hibernate: select dc1_0.designation,dc1_0.max_lab_hours,dc1_0.max_lecture_hours,dc1_0.max_total_hours,dc1_0.priority_level from designation_constraints dc1_0 where dc1_0.designation=?
Hibernate: select f1_0.faculty_id,f1_0.department_id,d1_0.department_id,d1_0.name,f1_0.designation,dc1_0.designation,dc1_0.max_lab_hours,dc1_0.max_lecture_hours,dc1_0.max_total_hours,dc1_0.priority_level,f1_0.first_name,f1_0.last_name,f1_0.middle_initial,f1_0.user_id,u1_0.user_id,u1_0.department_id,u1_0.email,u1_0.password_hash,u1_0.requires_password_reset,u1_0.role from faculty f1_0 join departments d1_0 on d1_0.department_id=f1_0.department_id join designation_constraints dc1_0 on dc1_0.designation=f1_0.designation join users u1_0 on u1_0.user_id=f1_0.user_id where f1_0.faculty_id=?
Hibernate: select c1_0.course_id,c1_0.course_code,c1_0.course_name,c1_0.course_type,c1_0.credit_hours,c1_0.lecture_hours,c1_0.practical_hours,c1_0.tutorial_hours from courses c1_0 where c1_0.course_id=?
Hibernate: select u1_0.user_id,u1_0.department_id,u1_0.email,u1_0.password_hash,u1_0.requires_password_reset,u1_0.role from users u1_0 where u1_0.user_id=?
Hibernate: select f1_0.faculty_id,f1_0.department_id,d1_0.department_id,d1_0.name,f1_0.designation,dc1_0.designation,dc1_0.max_lab_hours,dc1_0.max_lecture_hours,dc1_0.max_total_hours,dc1_0.priority_level,f1_0.first_name,f1_0.last_name,f1_0.middle_initial,f1_0.user_id,u1_0.user_id,u1_0.department_id,u1_0.email,u1_0.password_hash,u1_0.requires_password_reset,u1_0.role from faculty f1_0 join departments d1_0 on d1_0.department_id=f1_0.department_id join designation_constraints dc1_0 on dc1_0.designation=f1_0.designation join users u1_0 on u1_0.user_id=f1_0.user_id where f1_0.faculty_id=?
Hibernate: select dc1_0.designation,dc1_0.max_lab_hours,dc1_0.max_lecture_hours,dc1_0.max_total_hours,dc1_0.priority_level from designation_constraints dc1_0 where dc1_0.designation=?
Hibernate: select f1_0.faculty_id,f1_0.department_id,d1_0.department_id,d1_0.name,f1_0.designation,dc1_0.designation,dc1_0.max_lab_hours,dc1_0.max_lecture_hours,dc1_0.max_total_hours,dc1_0.priority_level,f1_0.first_name,f1_0.last_name,f1_0.middle_initial,f1_0.user_id,u1_0.user_id,u1_0.department_id,u1_0.email,u1_0.password_hash,u1_0.requires_password_reset,u1_0.role from faculty f1_0 join departments d1_0 on d1_0.department_id=f1_0.department_id join designation_constraints dc1_0 on dc1_0.designation=f1_0.designation join users u1_0 on u1_0.user_id=f1_0.user_id where f1_0.faculty_id=?
Hibernate: select s1_0.section_id,s1_0.department_id,d1_0.department_id,d1_0.name,s1_0.name,s1_0.semester,s1_0.student_count,s1_0."year" from sections s1_0 join departments d1_0 on d1_0.department_id=s1_0.department_id where s1_0.section_id=?
Hibernate: select u1_0.user_id,u1_0.department_id,u1_0.email,u1_0.password_hash,u1_0.requires_password_reset,u1_0.role from users u1_0 where u1_0.user_id=?
Hibernate: select c1_0.course_id,c1_0.course_code,c1_0.course_name,c1_0.course_type,c1_0.credit_hours,c1_0.lecture_hours,c1_0.practical_hours,c1_0.tutorial_hours from courses c1_0 where c1_0.course_id=?
Hibernate: select c1_0.course_id,c1_0.course_code,c1_0.course_name,c1_0.course_type,c1_0.credit_hours,c1_0.lecture_hours,c1_0.practical_hours,c1_0.tutorial_hours from courses c1_0 where c1_0.course_id=?
Hibernate: select u1_0.user_id,u1_0.department_id,u1_0.email,u1_0.password_hash,u1_0.requires_password_reset,u1_0.role from users u1_0 where u1_0.user_id=?
Hibernate: select f1_0.faculty_id,f1_0.department_id,d1_0.department_id,d1_0.name,f1_0.designation,dc1_0.designation,dc1_0.max_lab_hours,dc1_0.max_lecture_hours,dc1_0.max_total_hours,dc1_0.priority_level,f1_0.first_name,f1_0.last_name,f1_0.middle_initial,f1_0.user_id,u1_0.user_id,u1_0.department_id,u1_0.email,u1_0.password_hash,u1_0.requires_password_reset,u1_0.role from faculty f1_0 join departments d1_0 on d1_0.department_id=f1_0.department_id join designation_constraints dc1_0 on dc1_0.designation=f1_0.designation join users u1_0 on u1_0.user_id=f1_0.user_id where f1_0.faculty_id=?
Hibernate: select f1_0.faculty_id,f1_0.department_id,d1_0.department_id,d1_0.name,f1_0.designation,dc1_0.designation,dc1_0.max_lab_hours,dc1_0.max_lecture_hours,dc1_0.max_total_hours,dc1_0.priority_level,f1_0.first_name,f1_0.last_name,f1_0.middle_initial,f1_0.user_id,u1_0.user_id,u1_0.department_id,u1_0.email,u1_0.password_hash,u1_0.requires_password_reset,u1_0.role from faculty f1_0 join departments d1_0 on d1_0.department_id=f1_0.department_id join designation_constraints dc1_0 on dc1_0.designation=f1_0.designation join users u1_0 on u1_0.user_id=f1_0.user_id where f1_0.faculty_id=?
Hibernate: select dc1_0.designation,dc1_0.max_lab_hours,dc1_0.max_lecture_hours,dc1_0.max_total_hours,dc1_0.priority_level from designation_constraints dc1_0 where dc1_0.designation=?
Hibernate: select c1_0.course_id,c1_0.course_code,c1_0.course_name,c1_0.course_type,c1_0.credit_hours,c1_0.lecture_hours,c1_0.practical_hours,c1_0.tutorial_hours from courses c1_0 where c1_0.course_id=?
Hibernate: select s1_0.section_id,s1_0.department_id,d1_0.department_id,d1_0.name,s1_0.name,s1_0.semester,s1_0.student_count,s1_0."year" from sections s1_0 join departments d1_0 on d1_0.department_id=s1_0.department_id where s1_0.section_id=?
Hibernate: select u1_0.user_id,u1_0.department_id,u1_0.email,u1_0.password_hash,u1_0.requires_password_reset,u1_0.role from users u1_0 where u1_0.user_id=?
Hibernate: select f1_0.faculty_id,f1_0.department_id,d1_0.department_id,d1_0.name,f1_0.designation,dc1_0.designation,dc1_0.max_lab_hours,dc1_0.max_lecture_hours,dc1_0.max_total_hours,dc1_0.priority_level,f1_0.first_name,f1_0.last_name,f1_0.middle_initial,f1_0.user_id,u1_0.user_id,u1_0.department_id,u1_0.email,u1_0.password_hash,u1_0.requires_password_reset,u1_0.role from faculty f1_0 join departments d1_0 on d1_0.department_id=f1_0.department_id join designation_constraints dc1_0 on dc1_0.designation=f1_0.designation join users u1_0 on u1_0.user_id=f1_0.user_id where f1_0.faculty_id=?
Hibernate: select c1_0.course_id,c1_0.course_code,c1_0.course_name,c1_0.course_type,c1_0.credit_hours,c1_0.lecture_hours,c1_0.practical_hours,c1_0.tutorial_hours from courses c1_0 where c1_0.course_id=?
Hibernate: select u1_0.user_id,u1_0.department_id,u1_0.email,u1_0.password_hash,u1_0.requires_password_reset,u1_0.role from users u1_0 where u1_0.user_id=?
Hibernate: select c1_0.course_id,c1_0.course_code,c1_0.course_name,c1_0.course_type,c1_0.credit_hours,c1_0.lecture_hours,c1_0.practical_hours,c1_0.tutorial_hours from courses c1_0 where c1_0.course_id=?
Hibernate: select f1_0.faculty_id,f1_0.department_id,d1_0.department_id,d1_0.name,f1_0.designation,dc1_0.designation,dc1_0.max_lab_hours,dc1_0.max_lecture_hours,dc1_0.max_total_hours,dc1_0.priority_level,f1_0.first_name,f1_0.last_name,f1_0.middle_initial,f1_0.user_id,u1_0.user_id,u1_0.department_id,u1_0.email,u1_0.password_hash,u1_0.requires_password_reset,u1_0.role from faculty f1_0 join departments d1_0 on d1_0.department_id=f1_0.department_id join designation_constraints dc1_0 on dc1_0.designation=f1_0.designation join users u1_0 on u1_0.user_id=f1_0.user_id where f1_0.faculty_id=?
Hibernate: select dc1_0.designation,dc1_0.max_lab_hours,dc1_0.max_lecture_hours,dc1_0.max_total_hours,dc1_0.priority_level from designation_constraints dc1_0 where dc1_0.designation=?
Hibernate: select f1_0.faculty_id,f1_0.department_id,d1_0.department_id,d1_0.name,f1_0.designation,dc1_0.designation,dc1_0.max_lab_hours,dc1_0.max_lecture_hours,dc1_0.max_total_hours,dc1_0.priority_level,f1_0.first_name,f1_0.last_name,f1_0.middle_initial,f1_0.user_id,u1_0.user_id,u1_0.department_id,u1_0.email,u1_0.password_hash,u1_0.requires_password_reset,u1_0.role from faculty f1_0 join departments d1_0 on d1_0.department_id=f1_0.department_id join designation_constraints dc1_0 on dc1_0.designation=f1_0.designation join users u1_0 on u1_0.user_id=f1_0.user_id where f1_0.faculty_id=?
Hibernate: select u1_0.user_id,u1_0.department_id,u1_0.email,u1_0.password_hash,u1_0.requires_password_reset,u1_0.role from users u1_0 where u1_0.user_id=?
Hibernate: select c1_0.course_id,c1_0.course_code,c1_0.course_name,c1_0.course_type,c1_0.credit_hours,c1_0.lecture_hours,c1_0.practical_hours,c1_0.tutorial_hours from courses c1_0 where c1_0.course_id=?
Hibernate: select u1_0.user_id,u1_0.department_id,u1_0.email,u1_0.password_hash,u1_0.requires_password_reset,u1_0.role from users u1_0 where u1_0.user_id=?
Hibernate: select c1_0.course_id,c1_0.course_code,c1_0.course_name,c1_0.course_type,c1_0.credit_hours,c1_0.lecture_hours,c1_0.practical_hours,c1_0.tutorial_hours from courses c1_0 where c1_0.course_id=?
Hibernate: select s1_0.section_id,s1_0.department_id,d1_0.department_id,d1_0.name,s1_0.name,s1_0.semester,s1_0.student_count,s1_0."year" from sections s1_0 join departments d1_0 on d1_0.department_id=s1_0.department_id where s1_0.section_id=?
Hibernate: select u1_0.user_id,u1_0.department_id,u1_0.email,u1_0.password_hash,u1_0.requires_password_reset,u1_0.role from users u1_0 where u1_0.user_id=?
Hibernate: select f1_0.faculty_id,f1_0.department_id,d1_0.department_id,d1_0.name,f1_0.designation,dc1_0.designation,dc1_0.max_lab_hours,dc1_0.max_lecture_hours,dc1_0.max_total_hours,dc1_0.priority_level,f1_0.first_name,f1_0.last_name,f1_0.middle_initial,f1_0.user_id,u1_0.user_id,u1_0.department_id,u1_0.email,u1_0.password_hash,u1_0.requires_password_reset,u1_0.role from faculty f1_0 join departments d1_0 on d1_0.department_id=f1_0.department_id join designation_constraints dc1_0 on dc1_0.designation=f1_0.designation join users u1_0 on u1_0.user_id=f1_0.user_id where f1_0.faculty_id=?
Hibernate: select c1_0.course_id,c1_0.course_code,c1_0.course_name,c1_0.course_type,c1_0.credit_hours,c1_0.lecture_hours,c1_0.practical_hours,c1_0.tutorial_hours from courses c1_0 where c1_0.course_id=?
Hibernate: select dc1_0.designation,dc1_0.max_lab_hours,dc1_0.max_lecture_hours,dc1_0.max_total_hours,dc1_0.priority_level from designation_constraints dc1_0 where dc1_0.designation=?
Hibernate: select c1_0.course_id,c1_0.course_code,c1_0.course_name,c1_0.course_type,c1_0.credit_hours,c1_0.lecture_hours,c1_0.practical_hours,c1_0.tutorial_hours from courses c1_0 where c1_0.course_id=?
Hibernate: select f1_0.faculty_id,f1_0.department_id,d1_0.department_id,d1_0.name,f1_0.designation,dc1_0.designation,dc1_0.max_lab_hours,dc1_0.max_lecture_hours,dc1_0.max_total_hours,dc1_0.priority_level,f1_0.first_name,f1_0.last_name,f1_0.middle_initial,f1_0.user_id,u1_0.user_id,u1_0.department_id,u1_0.email,u1_0.password_hash,u1_0.requires_password_reset,u1_0.role from faculty f1_0 join departments d1_0 on d1_0.department_id=f1_0.department_id join designation_constraints dc1_0 on dc1_0.designation=f1_0.designation join users u1_0 on u1_0.user_id=f1_0.user_id where f1_0.faculty_id=?
Hibernate: select u1_0.user_id,u1_0.department_id,u1_0.email,u1_0.password_hash,u1_0.requires_password_reset,u1_0.role from users u1_0 where u1_0.user_id=?
Hibernate: select f1_0.faculty_id,f1_0.department_id,d1_0.department_id,d1_0.name,f1_0.designation,dc1_0.designation,dc1_0.max_lab_hours,dc1_0.max_lecture_hours,dc1_0.max_total_hours,dc1_0.priority_level,f1_0.first_name,f1_0.last_name,f1_0.middle_initial,f1_0.user_id,u1_0.user_id,u1_0.department_id,u1_0.email,u1_0.password_hash,u1_0.requires_password_reset,u1_0.role from faculty f1_0 join departments d1_0 on d1_0.department_id=f1_0.department_id join designation_constraints dc1_0 on dc1_0.designation=f1_0.designation join users u1_0 on u1_0.user_id=f1_0.user_id where f1_0.faculty_id=?
Hibernate: select s1_0.section_id,s1_0.department_id,d1_0.department_id,d1_0.name,s1_0.name,s1_0.semester,s1_0.student_count,s1_0."year" from sections s1_0 join departments d1_0 on d1_0.department_id=s1_0.department_id where s1_0.section_id=?
Hibernate: select dc1_0.designation,dc1_0.max_lab_hours,dc1_0.max_lecture_hours,dc1_0.max_total_hours,dc1_0.priority_level from designation_constraints dc1_0 where dc1_0.designation=?
Hibernate: select c1_0.course_id,c1_0.course_code,c1_0.course_name,c1_0.course_type,c1_0.credit_hours,c1_0.lecture_hours,c1_0.practical_hours,c1_0.tutorial_hours from courses c1_0 where c1_0.course_id=?
Hibernate: select s1_0.section_id,s1_0.department_id,d1_0.department_id,d1_0.name,s1_0.name,s1_0.semester,s1_0.student_count,s1_0."year" from sections s1_0 join departments d1_0 on d1_0.department_id=s1_0.department_id where s1_0.section_id=?
Hibernate: select u1_0.user_id,u1_0.department_id,u1_0.email,u1_0.password_hash,u1_0.requires_password_reset,u1_0.role from users u1_0 where u1_0.user_id=?
Hibernate: select f1_0.faculty_id,f1_0.department_id,d1_0.department_id,d1_0.name,f1_0.designation,dc1_0.designation,dc1_0.max_lab_hours,dc1_0.max_lecture_hours,dc1_0.max_total_hours,dc1_0.priority_level,f1_0.first_name,f1_0.last_name,f1_0.middle_initial,f1_0.user_id,u1_0.user_id,u1_0.department_id,u1_0.email,u1_0.password_hash,u1_0.requires_password_reset,u1_0.role from faculty f1_0 join departments d1_0 on d1_0.department_id=f1_0.department_id join designation_constraints dc1_0 on dc1_0.designation=f1_0.designation join users u1_0 on u1_0.user_id=f1_0.user_id where f1_0.faculty_id=?
Hibernate: select c1_0.course_id,c1_0.course_code,c1_0.course_name,c1_0.course_type,c1_0.credit_hours,c1_0.lecture_hours,c1_0.practical_hours,c1_0.tutorial_hours from courses c1_0 where c1_0.course_id=?
Hibernate: select u1_0.user_id,u1_0.department_id,u1_0.email,u1_0.password_hash,u1_0.requires_password_reset,u1_0.role from users u1_0 where u1_0.user_id=?
Hibernate: select s1_0.section_id,s1_0.department_id,d1_0.department_id,d1_0.name,s1_0.name,s1_0.semester,s1_0.student_count,s1_0."year" from sections s1_0 join departments d1_0 on d1_0.department_id=s1_0.department_id where s1_0.section_id=?
Hibernate: select f1_0.faculty_id,f1_0.department_id,d1_0.department_id,d1_0.name,f1_0.designation,dc1_0.designation,dc1_0.max_lab_hours,dc1_0.max_lecture_hours,dc1_0.max_total_hours,dc1_0.priority_level,f1_0.first_name,f1_0.last_name,f1_0.middle_initial,f1_0.user_id,u1_0.user_id,u1_0.department_id,u1_0.email,u1_0.password_hash,u1_0.requires_password_reset,u1_0.role from faculty f1_0 join departments d1_0 on d1_0.department_id=f1_0.department_id join designation_constraints dc1_0 on dc1_0.designation=f1_0.designation join users u1_0 on u1_0.user_id=f1_0.user_id where f1_0.faculty_id=?
Hibernate: select u1_0.user_id,u1_0.department_id,u1_0.email,u1_0.password_hash,u1_0.requires_password_reset,u1_0.role from users u1_0 where u1_0.user_id=?
Hibernate: select s1_0.section_id,s1_0.department_id,d1_0.department_id,d1_0.name,s1_0.name,s1_0.semester,s1_0.student_count,s1_0."year" from sections s1_0 join departments d1_0 on d1_0.department_id=s1_0.department_id where s1_0.section_id=?
Hibernate: select s1_0.section_id,s1_0.department_id,d1_0.department_id,d1_0.name,s1_0.name,s1_0.semester,s1_0.student_count,s1_0."year" from sections s1_0 join departments d1_0 on d1_0.department_id=s1_0.department_id where s1_0.section_id=?
Hibernate: select u1_0.user_id,u1_0.department_id,u1_0.email,u1_0.password_hash,u1_0.requires_password_reset,u1_0.role from users u1_0 where u1_0.user_id=?
Hibernate: select s1_0.section_id,s1_0.department_id,d1_0.department_id,d1_0.name,s1_0.name,s1_0.semester,s1_0.student_count,s1_0."year" from sections s1_0 join departments d1_0 on d1_0.department_id=s1_0.department_id where s1_0.section_id=?
Hibernate: select u1_0.user_id,u1_0.department_id,u1_0.email,u1_0.password_hash,u1_0.requires_password_reset,u1_0.role from users u1_0 where u1_0.user_id=?
Hibernate: select c1_0.course_id,c1_0.course_code,c1_0.course_name,c1_0.course_type,c1_0.credit_hours,c1_0.lecture_hours,c1_0.practical_hours,c1_0.tutorial_hours from courses c1_0 where c1_0.course_id=?
Hibernate: select f1_0.faculty_id,f1_0.department_id,d1_0.department_id,d1_0.name,f1_0.designation,dc1_0.designation,dc1_0.max_lab_hours,dc1_0.max_lecture_hours,dc1_0.max_total_hours,dc1_0.priority_level,f1_0.first_name,f1_0.last_name,f1_0.middle_initial,f1_0.user_id,u1_0.user_id,u1_0.department_id,u1_0.email,u1_0.password_hash,u1_0.requires_password_reset,u1_0.role from faculty f1_0 join departments d1_0 on d1_0.department_id=f1_0.department_id join designation_constraints dc1_0 on dc1_0.designation=f1_0.designation join users u1_0 on u1_0.user_id=f1_0.user_id where f1_0.faculty_id=?
Hibernate: select u1_0.user_id,u1_0.department_id,u1_0.email,u1_0.password_hash,u1_0.requires_password_reset,u1_0.role from users u1_0 where u1_0.user_id=?
Hibernate: select f1_0.faculty_id,f1_0.department_id,d1_0.department_id,d1_0.name,f1_0.designation,dc1_0.designation,dc1_0.max_lab_hours,dc1_0.max_lecture_hours,dc1_0.max_total_hours,dc1_0.priority_level,f1_0.first_name,f1_0.last_name,f1_0.middle_initial,f1_0.user_id,u1_0.user_id,u1_0.department_id,u1_0.email,u1_0.password_hash,u1_0.requires_password_reset,u1_0.role from faculty f1_0 join departments d1_0 on d1_0.department_id=f1_0.department_id join designation_constraints dc1_0 on dc1_0.designation=f1_0.designation join users u1_0 on u1_0.user_id=f1_0.user_id where f1_0.faculty_id=?
Hibernate: select c1_0.course_id,c1_0.course_code,c1_0.course_name,c1_0.course_type,c1_0.credit_hours,c1_0.lecture_hours,c1_0.practical_hours,c1_0.tutorial_hours from courses c1_0 where c1_0.course_id=?
Hibernate: select u1_0.user_id,u1_0.department_id,u1_0.email,u1_0.password_hash,u1_0.requires_password_reset,u1_0.role from users u1_0 where u1_0.user_id=?
Hibernate: select c1_0.course_id,c1_0.course_code,c1_0.course_name,c1_0.course_type,c1_0.credit_hours,c1_0.lecture_hours,c1_0.practical_hours,c1_0.tutorial_hours from courses c1_0 where c1_0.course_id=?
Hibernate: select f1_0.faculty_id,f1_0.department_id,d1_0.department_id,d1_0.name,f1_0.designation,dc1_0.designation,dc1_0.max_lab_hours,dc1_0.max_lecture_hours,dc1_0.max_total_hours,dc1_0.priority_level,f1_0.first_name,f1_0.last_name,f1_0.middle_initial,f1_0.user_id,u1_0.user_id,u1_0.department_id,u1_0.email,u1_0.password_hash,u1_0.requires_password_reset,u1_0.role from faculty f1_0 join departments d1_0 on d1_0.department_id=f1_0.department_id join designation_constraints dc1_0 on dc1_0.designation=f1_0.designation join users u1_0 on u1_0.user_id=f1_0.user_id where f1_0.faculty_id=?
Hibernate: select u1_0.user_id,u1_0.department_id,u1_0.email,u1_0.password_hash,u1_0.requires_password_reset,u1_0.role from users u1_0 where u1_0.user_id=?
Hibernate: select f1_0.faculty_id,f1_0.department_id,d1_0.department_id,d1_0.name,f1_0.designation,dc1_0.designation,dc1_0.max_lab_hours,dc1_0.max_lecture_hours,dc1_0.max_total_hours,dc1_0.priority_level,f1_0.first_name,f1_0.last_name,f1_0.middle_initial,f1_0.user_id,u1_0.user_id,u1_0.department_id,u1_0.email,u1_0.password_hash,u1_0.requires_password_reset,u1_0.role from faculty f1_0 join departments d1_0 on d1_0.department_id=f1_0.department_id join designation_constraints dc1_0 on dc1_0.designation=f1_0.designation join users u1_0 on u1_0.user_id=f1_0.user_id where f1_0.faculty_id=?
Hibernate: select s1_0.section_id,s1_0.department_id,d1_0.department_id,d1_0.name,s1_0.name,s1_0.semester,s1_0.student_count,s1_0."year" from sections s1_0 join departments d1_0 on d1_0.department_id=s1_0.department_id where s1_0.section_id=?
Hibernate: select u1_0.user_id,u1_0.department_id,u1_0.email,u1_0.password_hash,u1_0.requires_password_reset,u1_0.role from users u1_0 where u1_0.user_id=?
Hibernate: select c1_0.course_id,c1_0.course_code,c1_0.course_name,c1_0.course_type,c1_0.credit_hours,c1_0.lecture_hours,c1_0.practical_hours,c1_0.tutorial_hours from courses c1_0 where c1_0.course_id=?
Hibernate: select c1_0.course_id,c1_0.course_code,c1_0.course_name,c1_0.course_type,c1_0.credit_hours,c1_0.lecture_hours,c1_0.practical_hours,c1_0.tutorial_hours from courses c1_0 where c1_0.course_id=?
Hibernate: select u1_0.user_id,u1_0.department_id,u1_0.email,u1_0.password_hash,u1_0.requires_password_reset,u1_0.role from users u1_0 where u1_0.user_id=?
Hibernate: select u1_0.user_id,u1_0.department_id,u1_0.email,u1_0.password_hash,u1_0.requires_password_reset,u1_0.role from users u1_0 where u1_0.user_id=?
Hibernate: select f1_0.faculty_id,f1_0.department_id,d1_0.department_id,d1_0.name,f1_0.designation,dc1_0.designation,dc1_0.max_lab_hours,dc1_0.max_lecture_hours,dc1_0.max_total_hours,dc1_0.priority_level,f1_0.first_name,f1_0.last_name,f1_0.middle_initial,f1_0.user_id,u1_0.user_id,u1_0.department_id,u1_0.email,u1_0.password_hash,u1_0.requires_password_reset,u1_0.role from faculty f1_0 join departments d1_0 on d1_0.department_id=f1_0.department_id join designation_constraints dc1_0 on dc1_0.designation=f1_0.designation join users u1_0 on u1_0.user_id=f1_0.user_id where f1_0.faculty_id=?
Hibernate: select c1_0.course_id,c1_0.course_code,c1_0.course_name,c1_0.course_type,c1_0.credit_hours,c1_0.lecture_hours,c1_0.practical_hours,c1_0.tutorial_hours from courses c1_0 where c1_0.course_id=?
Hibernate: select dc1_0.designation,dc1_0.max_lab_hours,dc1_0.max_lecture_hours,dc1_0.max_total_hours,dc1_0.priority_level from designation_constraints dc1_0 where dc1_0.designation=?
Hibernate: select c1_0.course_id,c1_0.course_code,c1_0.course_name,c1_0.course_type,c1_0.credit_hours,c1_0.lecture_hours,c1_0.practical_hours,c1_0.tutorial_hours from courses c1_0 where c1_0.course_id=?
Hibernate: select f1_0.faculty_id,f1_0.department_id,d1_0.department_id,d1_0.name,f1_0.designation,dc1_0.designation,dc1_0.max_lab_hours,dc1_0.max_lecture_hours,dc1_0.max_total_hours,dc1_0.priority_level,f1_0.first_name,f1_0.last_name,f1_0.middle_initial,f1_0.user_id,u1_0.user_id,u1_0.department_id,u1_0.email,u1_0.password_hash,u1_0.requires_password_reset,u1_0.role from faculty f1_0 join departments d1_0 on d1_0.department_id=f1_0.department_id join designation_constraints dc1_0 on dc1_0.designation=f1_0.designation join users u1_0 on u1_0.user_id=f1_0.user_id where f1_0.faculty_id=?
Hibernate: select u1_0.user_id,u1_0.department_id,u1_0.email,u1_0.password_hash,u1_0.requires_password_reset,u1_0.role from users u1_0 where u1_0.user_id=?
Hibernate: select f1_0.faculty_id,f1_0.department_id,d1_0.department_id,d1_0.name,f1_0.designation,dc1_0.designation,dc1_0.max_lab_hours,dc1_0.max_lecture_hours,dc1_0.max_total_hours,dc1_0.priority_level,f1_0.first_name,f1_0.last_name,f1_0.middle_initial,f1_0.user_id,u1_0.user_id,u1_0.department_id,u1_0.email,u1_0.password_hash,u1_0.requires_password_reset,u1_0.role from faculty f1_0 join departments d1_0 on d1_0.department_id=f1_0.department_id join designation_constraints dc1_0 on dc1_0.designation=f1_0.designation join users u1_0 on u1_0.user_id=f1_0.user_id where f1_0.faculty_id=?
Hibernate: select c1_0.course_id,c1_0.course_code,c1_0.course_name,c1_0.course_type,c1_0.credit_hours,c1_0.lecture_hours,c1_0.practical_hours,c1_0.tutorial_hours from courses c1_0 where c1_0.course_id=?
Hibernate: select u1_0.user_id,u1_0.department_id,u1_0.email,u1_0.password_hash,u1_0.requires_password_reset,u1_0.role from users u1_0 where u1_0.user_id=?
Hibernate: select c1_0.course_id,c1_0.course_code,c1_0.course_name,c1_0.course_type,c1_0.credit_hours,c1_0.lecture_hours,c1_0.practical_hours,c1_0.tutorial_hours from courses c1_0 where c1_0.course_id=?
Hibernate: select f1_0.faculty_id,f1_0.department_id,d1_0.department_id,d1_0.name,f1_0.designation,dc1_0.designation,dc1_0.max_lab_hours,dc1_0.max_lecture_hours,dc1_0.max_total_hours,dc1_0.priority_level,f1_0.first_name,f1_0.last_name,f1_0.middle_initial,f1_0.user_id,u1_0.user_id,u1_0.department_id,u1_0.email,u1_0.password_hash,u1_0.requires_password_reset,u1_0.role from faculty f1_0 join departments d1_0 on d1_0.department_id=f1_0.department_id join designation_constraints dc1_0 on dc1_0.designation=f1_0.designation join users u1_0 on u1_0.user_id=f1_0.user_id where f1_0.faculty_id=?
Hibernate: select u1_0.user_id,u1_0.department_id,u1_0.email,u1_0.password_hash,u1_0.requires_password_reset,u1_0.role from users u1_0 where u1_0.user_id=?
Hibernate: select c1_0.course_id,c1_0.course_code,c1_0.course_name,c1_0.course_type,c1_0.credit_hours,c1_0.lecture_hours,c1_0.practical_hours,c1_0.tutorial_hours from courses c1_0 where c1_0.course_id=?
Hibernate: select c1_0.course_id,c1_0.course_code,c1_0.course_name,c1_0.course_type,c1_0.credit_hours,c1_0.lecture_hours,c1_0.practical_hours,c1_0.tutorial_hours from courses c1_0 where c1_0.course_id=?
Hibernate: select u1_0.user_id,u1_0.department_id,u1_0.email,u1_0.password_hash,u1_0.requires_password_reset,u1_0.role from users u1_0 where u1_0.user_id=?
Hibernate: select c1_0.course_id,c1_0.course_code,c1_0.course_name,c1_0.course_type,c1_0.credit_hours,c1_0.lecture_hours,c1_0.practical_hours,c1_0.tutorial_hours from courses c1_0 where c1_0.course_id=?
Hibernate: select f1_0.faculty_id,f1_0.department_id,d1_0.department_id,d1_0.name,f1_0.designation,dc1_0.designation,dc1_0.max_lab_hours,dc1_0.max_lecture_hours,dc1_0.max_total_hours,dc1_0.priority_level,f1_0.first_name,f1_0.last_name,f1_0.middle_initial,f1_0.user_id,u1_0.user_id,u1_0.department_id,u1_0.email,u1_0.password_hash,u1_0.requires_password_reset,u1_0.role from faculty f1_0 join departments d1_0 on d1_0.department_id=f1_0.department_id join designation_constraints dc1_0 on dc1_0.designation=f1_0.designation join users u1_0 on u1_0.user_id=f1_0.user_id where f1_0.faculty_id=?
Hibernate: select u1_0.user_id,u1_0.department_id,u1_0.email,u1_0.password_hash,u1_0.requires_password_reset,u1_0.role from users u1_0 where u1_0.user_id=?
Hibernate: select c1_0.course_id,c1_0.course_code,c1_0.course_name,c1_0.course_type,c1_0.credit_hours,c1_0.lecture_hours,c1_0.practical_hours,c1_0.tutorial_hours from courses c1_0 where c1_0.course_id=?
Hibernate: select c1_0.course_id,c1_0.course_code,c1_0.course_name,c1_0.course_type,c1_0.credit_hours,c1_0.lecture_hours,c1_0.practical_hours,c1_0.tutorial_hours from courses c1_0 where c1_0.course_id=?
Hibernate: select u1_0.user_id,u1_0.department_id,u1_0.email,u1_0.password_hash,u1_0.requires_password_reset,u1_0.role from users u1_0 where u1_0.user_id=?
Hibernate: select f1_0.faculty_id,f1_0.department_id,d1_0.department_id,d1_0.name,f1_0.designation,dc1_0.designation,dc1_0.max_lab_hours,dc1_0.max_lecture_hours,dc1_0.max_total_hours,dc1_0.priority_level,f1_0.first_name,f1_0.last_name,f1_0.middle_initial,f1_0.user_id,u1_0.user_id,u1_0.department_id,u1_0.email,u1_0.password_hash,u1_0.requires_password_reset,u1_0.role from faculty f1_0 join departments d1_0 on d1_0.department_id=f1_0.department_id join designation_constraints dc1_0 on dc1_0.designation=f1_0.designation join users u1_0 on u1_0.user_id=f1_0.user_id where f1_0.faculty_id=?
Hibernate: select f1_0.faculty_id,f1_0.department_id,d1_0.department_id,d1_0.name,f1_0.designation,dc1_0.designation,dc1_0.max_lab_hours,dc1_0.max_lecture_hours,dc1_0.max_total_hours,dc1_0.priority_level,f1_0.first_name,f1_0.last_name,f1_0.middle_initial,f1_0.user_id,u1_0.user_id,u1_0.department_id,u1_0.email,u1_0.password_hash,u1_0.requires_password_reset,u1_0.role from faculty f1_0 join departments d1_0 on d1_0.department_id=f1_0.department_id join designation_constraints dc1_0 on dc1_0.designation=f1_0.designation join users u1_0 on u1_0.user_id=f1_0.user_id where f1_0.faculty_id=?
Hibernate: select u1_0.user_id,u1_0.department_id,u1_0.email,u1_0.password_hash,u1_0.requires_password_reset,u1_0.role from users u1_0 where u1_0.user_id=?
Hibernate: select c1_0.course_id,c1_0.course_code,c1_0.course_name,c1_0.course_type,c1_0.credit_hours,c1_0.lecture_hours,c1_0.practical_hours,c1_0.tutorial_hours from courses c1_0 where c1_0.course_id=?
Hibernate: select u1_0.user_id,u1_0.department_id,u1_0.email,u1_0.password_hash,u1_0.requires_password_reset,u1_0.role from users u1_0 where u1_0.user_id=?
Hibernate: select c1_0.course_id,c1_0.course_code,c1_0.course_name,c1_0.course_type,c1_0.credit_hours,c1_0.lecture_hours,c1_0.practical_hours,c1_0.tutorial_hours from courses c1_0 where c1_0.course_id=?
Hibernate: select s1_0.section_id,s1_0.department_id,d1_0.department_id,d1_0.name,s1_0.name,s1_0.semester,s1_0.student_count,s1_0."year" from sections s1_0 join departments d1_0 on d1_0.department_id=s1_0.department_id where s1_0.section_id=?
Hibernate: select c1_0.course_id,c1_0.course_code,c1_0.course_name,c1_0.course_type,c1_0.credit_hours,c1_0.lecture_hours,c1_0.practical_hours,c1_0.tutorial_hours from courses c1_0 where c1_0.course_id=?
Hibernate: select s1_0.section_id,s1_0.department_id,d1_0.department_id,d1_0.name,s1_0.name,s1_0.semester,s1_0.student_count,s1_0."year" from sections s1_0 join departments d1_0 on d1_0.department_id=s1_0.department_id where s1_0.section_id=?
Hibernate: select s1_0.section_id,s1_0.department_id,d1_0.department_id,d1_0.name,s1_0.name,s1_0.semester,s1_0.student_count,s1_0."year" from sections s1_0 join departments d1_0 on d1_0.department_id=s1_0.department_id where s1_0.section_id=?
Hibernate: select s1_0.section_id,s1_0.department_id,d1_0.department_id,d1_0.name,s1_0.name,s1_0.semester,s1_0.student_count,s1_0."year" from sections s1_0 join departments d1_0 on d1_0.department_id=s1_0.department_id where s1_0.section_id=?
Hibernate: select s1_0.section_id,s1_0.department_id,d1_0.department_id,d1_0.name,s1_0.name,s1_0.semester,s1_0.student_count,s1_0."year" from sections s1_0 join departments d1_0 on d1_0.department_id=s1_0.department_id where s1_0.section_id=?
Hibernate: select s1_0.section_id,s1_0.department_id,d1_0.department_id,d1_0.name,s1_0.name,s1_0.semester,s1_0.student_count,s1_0."year" from sections s1_0 join departments d1_0 on d1_0.department_id=s1_0.department_id where s1_0.section_id=?
Hibernate: select co1_0.offering_id,co1_0.course_id,co1_0.faculty_id,co1_0.section_id from course_offerings co1_0
Hibernate: select f1_0.faculty_id,f1_0.department_id,d1_0.department_id,d1_0.name,f1_0.designation,dc1_0.designation,dc1_0.max_lab_hours,dc1_0.max_lecture_hours,dc1_0.max_total_hours,dc1_0.priority_level,f1_0.first_name,f1_0.last_name,f1_0.middle_initial,f1_0.user_id,u1_0.user_id,u1_0.department_id,u1_0.email,u1_0.password_hash,u1_0.requires_password_reset,u1_0.role from faculty f1_0 join departments d1_0 on d1_0.department_id=f1_0.department_id join designation_constraints dc1_0 on dc1_0.designation=f1_0.designation join users u1_0 on u1_0.user_id=f1_0.user_id where f1_0.faculty_id=?
Hibernate: select c1_0.course_id,c1_0.course_code,c1_0.course_name,c1_0.course_type,c1_0.credit_hours,c1_0.lecture_hours,c1_0.practical_hours,c1_0.tutorial_hours from courses c1_0 where c1_0.course_id=?
Hibernate: select f1_0.faculty_id,f1_0.department_id,d1_0.department_id,d1_0.name,f1_0.designation,dc1_0.designation,dc1_0.max_lab_hours,dc1_0.max_lecture_hours,dc1_0.max_total_hours,dc1_0.priority_level,f1_0.first_name,f1_0.last_name,f1_0.middle_initial,f1_0.user_id,u1_0.user_id,u1_0.department_id,u1_0.email,u1_0.password_hash,u1_0.requires_password_reset,u1_0.role from faculty f1_0 join departments d1_0 on d1_0.department_id=f1_0.department_id join designation_constraints dc1_0 on dc1_0.designation=f1_0.designation join users u1_0 on u1_0.user_id=f1_0.user_id where f1_0.faculty_id=?
Hibernate: select f1_0.faculty_id,f1_0.department_id,d1_0.department_id,d1_0.name,f1_0.designation,dc1_0.designation,dc1_0.max_lab_hours,dc1_0.max_lecture_hours,dc1_0.max_total_hours,dc1_0.priority_level,f1_0.first_name,f1_0.last_name,f1_0.middle_initial,f1_0.user_id,u1_0.user_id,u1_0.department_id,u1_0.email,u1_0.password_hash,u1_0.requires_password_reset,u1_0.role from faculty f1_0 join departments d1_0 on d1_0.department_id=f1_0.department_id join designation_constraints dc1_0 on dc1_0.designation=f1_0.designation join users u1_0 on u1_0.user_id=f1_0.user_id where f1_0.faculty_id=?
Hibernate: select s1_0.section_id,s1_0.department_id,d1_0.department_id,d1_0.name,s1_0.name,s1_0.semester,s1_0.student_count,s1_0."year" from sections s1_0 join departments d1_0 on d1_0.department_id=s1_0.department_id where s1_0.section_id=?
Hibernate: select s1_0.section_id,s1_0.department_id,d1_0.department_id,d1_0.name,s1_0.name,s1_0.semester,s1_0.student_count,s1_0."year" from sections s1_0 join departments d1_0 on d1_0.department_id=s1_0.department_id where s1_0.section_id=?
Hibernate: select c1_0.course_id,c1_0.course_code,c1_0.course_name,c1_0.course_type,c1_0.credit_hours,c1_0.lecture_hours,c1_0.practical_hours,c1_0.tutorial_hours from courses c1_0 where c1_0.course_id=?
Hibernate: select c1_0.course_id,c1_0.course_code,c1_0.course_name,c1_0.course_type,c1_0.credit_hours,c1_0.lecture_hours,c1_0.practical_hours,c1_0.tutorial_hours from courses c1_0 where c1_0.course_id=?
Hibernate: select f1_0.faculty_id,f1_0.department_id,d1_0.department_id,d1_0.name,f1_0.designation,dc1_0.designation,dc1_0.max_lab_hours,dc1_0.max_lecture_hours,dc1_0.max_total_hours,dc1_0.priority_level,f1_0.first_name,f1_0.last_name,f1_0.middle_initial,f1_0.user_id,u1_0.user_id,u1_0.department_id,u1_0.email,u1_0.password_hash,u1_0.requires_password_reset,u1_0.role from faculty f1_0 join departments d1_0 on d1_0.department_id=f1_0.department_id join designation_constraints dc1_0 on dc1_0.designation=f1_0.designation join users u1_0 on u1_0.user_id=f1_0.user_id where f1_0.faculty_id=?
Hibernate: select f1_0.faculty_id,f1_0.department_id,d1_0.department_id,d1_0.name,f1_0.designation,dc1_0.designation,dc1_0.max_lab_hours,dc1_0.max_lecture_hours,dc1_0.max_total_hours,dc1_0.priority_level,f1_0.first_name,f1_0.last_name,f1_0.middle_initial,f1_0.user_id,u1_0.user_id,u1_0.department_id,u1_0.email,u1_0.password_hash,u1_0.requires_password_reset,u1_0.role from faculty f1_0 join departments d1_0 on d1_0.department_id=f1_0.department_id join designation_constraints dc1_0 on dc1_0.designation=f1_0.designation join users u1_0 on u1_0.user_id=f1_0.user_id where f1_0.faculty_id=?
Hibernate: select c1_0.course_id,c1_0.course_code,c1_0.course_name,c1_0.course_type,c1_0.credit_hours,c1_0.lecture_hours,c1_0.practical_hours,c1_0.tutorial_hours from courses c1_0 where c1_0.course_id=?
Hibernate: select s1_0.section_id,s1_0.department_id,d1_0.department_id,d1_0.name,s1_0.name,s1_0.semester,s1_0.student_count,s1_0."year" from sections s1_0 join departments d1_0 on d1_0.department_id=s1_0.department_id where s1_0.section_id=?
Hibernate: select f1_0.faculty_id,f1_0.department_id,d1_0.department_id,d1_0.name,f1_0.designation,dc1_0.designation,dc1_0.max_lab_hours,dc1_0.max_lecture_hours,dc1_0.max_total_hours,dc1_0.priority_level,f1_0.first_name,f1_0.last_name,f1_0.middle_initial,f1_0.user_id,u1_0.user_id,u1_0.department_id,u1_0.email,u1_0.password_hash,u1_0.requires_password_reset,u1_0.role from faculty f1_0 join departments d1_0 on d1_0.department_id=f1_0.department_id join designation_constraints dc1_0 on dc1_0.designation=f1_0.designation join users u1_0 on u1_0.user_id=f1_0.user_id where f1_0.faculty_id=?
Hibernate: select c1_0.course_id,c1_0.course_code,c1_0.course_name,c1_0.course_type,c1_0.credit_hours,c1_0.lecture_hours,c1_0.practical_hours,c1_0.tutorial_hours from courses c1_0 where c1_0.course_id=?
Hibernate: select c1_0.course_id,c1_0.course_code,c1_0.course_name,c1_0.course_type,c1_0.credit_hours,c1_0.lecture_hours,c1_0.practical_hours,c1_0.tutorial_hours from courses c1_0 where c1_0.course_id=?
Hibernate: select f1_0.faculty_id,f1_0.department_id,d1_0.department_id,d1_0.name,f1_0.designation,dc1_0.designation,dc1_0.max_lab_hours,dc1_0.max_lecture_hours,dc1_0.max_total_hours,dc1_0.priority_level,f1_0.first_name,f1_0.last_name,f1_0.middle_initial,f1_0.user_id,u1_0.user_id,u1_0.department_id,u1_0.email,u1_0.password_hash,u1_0.requires_password_reset,u1_0.role from faculty f1_0 join departments d1_0 on d1_0.department_id=f1_0.department_id join designation_constraints dc1_0 on dc1_0.designation=f1_0.designation join users u1_0 on u1_0.user_id=f1_0.user_id where f1_0.faculty_id=?
Hibernate: select f1_0.faculty_id,f1_0.department_id,d1_0.department_id,d1_0.name,f1_0.designation,dc1_0.designation,dc1_0.max_lab_hours,dc1_0.max_lecture_hours,dc1_0.max_total_hours,dc1_0.priority_level,f1_0.first_name,f1_0.last_name,f1_0.middle_initial,f1_0.user_id,u1_0.user_id,u1_0.department_id,u1_0.email,u1_0.password_hash,u1_0.requires_password_reset,u1_0.role from faculty f1_0 join departments d1_0 on d1_0.department_id=f1_0.department_id join designation_constraints dc1_0 on dc1_0.designation=f1_0.designation join users u1_0 on u1_0.user_id=f1_0.user_id where f1_0.faculty_id=?
Hibernate: select c1_0.course_id,c1_0.course_code,c1_0.course_name,c1_0.course_type,c1_0.credit_hours,c1_0.lecture_hours,c1_0.practical_hours,c1_0.tutorial_hours from courses c1_0 where c1_0.course_id=?
Hibernate: select c1_0.course_id,c1_0.course_code,c1_0.course_name,c1_0.course_type,c1_0.credit_hours,c1_0.lecture_hours,c1_0.practical_hours,c1_0.tutorial_hours from courses c1_0 where c1_0.course_id=?
Hibernate: select c1_0.course_id,c1_0.course_code,c1_0.course_name,c1_0.course_type,c1_0.credit_hours,c1_0.lecture_hours,c1_0.practical_hours,c1_0.tutorial_hours from courses c1_0 where c1_0.course_id=?
Hibernate: select f1_0.faculty_id,f1_0.department_id,d1_0.department_id,d1_0.name,f1_0.designation,dc1_0.designation,dc1_0.max_lab_hours,dc1_0.max_lecture_hours,dc1_0.max_total_hours,dc1_0.priority_level,f1_0.first_name,f1_0.last_name,f1_0.middle_initial,f1_0.user_id,u1_0.user_id,u1_0.department_id,u1_0.email,u1_0.password_hash,u1_0.requires_password_reset,u1_0.role from faculty f1_0 join departments d1_0 on d1_0.department_id=f1_0.department_id join designation_constraints dc1_0 on dc1_0.designation=f1_0.designation join users u1_0 on u1_0.user_id=f1_0.user_id where f1_0.faculty_id=?
Hibernate: select f1_0.faculty_id,f1_0.department_id,d1_0.department_id,d1_0.name,f1_0.designation,dc1_0.designation,dc1_0.max_lab_hours,dc1_0.max_lecture_hours,dc1_0.max_total_hours,dc1_0.priority_level,f1_0.first_name,f1_0.last_name,f1_0.middle_initial,f1_0.user_id,u1_0.user_id,u1_0.department_id,u1_0.email,u1_0.password_hash,u1_0.requires_password_reset,u1_0.role from faculty f1_0 join departments d1_0 on d1_0.department_id=f1_0.department_id join designation_constraints dc1_0 on dc1_0.designation=f1_0.designation join users u1_0 on u1_0.user_id=f1_0.user_id where f1_0.faculty_id=?
Hibernate: select s1_0.section_id,s1_0.department_id,d1_0.department_id,d1_0.name,s1_0.name,s1_0.semester,s1_0.student_count,s1_0."year" from sections s1_0 join departments d1_0 on d1_0.department_id=s1_0.department_id where s1_0.section_id=?
Hibernate: select c1_0.course_id,c1_0.course_code,c1_0.course_name,c1_0.course_type,c1_0.credit_hours,c1_0.lecture_hours,c1_0.practical_hours,c1_0.tutorial_hours from courses c1_0 where c1_0.course_id=?
Hibernate: select c1_0.course_id,c1_0.course_code,c1_0.course_name,c1_0.course_type,c1_0.credit_hours,c1_0.lecture_hours,c1_0.practical_hours,c1_0.tutorial_hours from courses c1_0 where c1_0.course_id=?
Hibernate: select f1_0.faculty_id,f1_0.department_id,d1_0.department_id,d1_0.name,f1_0.designation,dc1_0.designation,dc1_0.max_lab_hours,dc1_0.max_lecture_hours,dc1_0.max_total_hours,dc1_0.priority_level,f1_0.first_name,f1_0.last_name,f1_0.middle_initial,f1_0.user_id,u1_0.user_id,u1_0.department_id,u1_0.email,u1_0.password_hash,u1_0.requires_password_reset,u1_0.role from faculty f1_0 join departments d1_0 on d1_0.department_id=f1_0.department_id join designation_constraints dc1_0 on dc1_0.designation=f1_0.designation join users u1_0 on u1_0.user_id=f1_0.user_id where f1_0.faculty_id=?
Hibernate: select f1_0.faculty_id,f1_0.department_id,d1_0.department_id,d1_0.name,f1_0.designation,dc1_0.designation,dc1_0.max_lab_hours,dc1_0.max_lecture_hours,dc1_0.max_total_hours,dc1_0.priority_level,f1_0.first_name,f1_0.last_name,f1_0.middle_initial,f1_0.user_id,u1_0.user_id,u1_0.department_id,u1_0.email,u1_0.password_hash,u1_0.requires_password_reset,u1_0.role from faculty f1_0 join departments d1_0 on d1_0.department_id=f1_0.department_id join designation_constraints dc1_0 on dc1_0.designation=f1_0.designation join users u1_0 on u1_0.user_id=f1_0.user_id where f1_0.faculty_id=?
Hibernate: select s1_0.section_id,s1_0.department_id,d1_0.department_id,d1_0.name,s1_0.name,s1_0.semester,s1_0.student_count,s1_0."year" from sections s1_0 join departments d1_0 on d1_0.department_id=s1_0.department_id where s1_0.section_id=?
Hibernate: select c1_0.course_id,c1_0.course_code,c1_0.course_name,c1_0.course_type,c1_0.credit_hours,c1_0.lecture_hours,c1_0.practical_hours,c1_0.tutorial_hours from courses c1_0 where c1_0.course_id=?
Hibernate: select s1_0.section_id,s1_0.department_id,d1_0.department_id,d1_0.name,s1_0.name,s1_0.semester,s1_0.student_count,s1_0."year" from sections s1_0 join departments d1_0 on d1_0.department_id=s1_0.department_id where s1_0.section_id=?
Hibernate: select f1_0.faculty_id,f1_0.department_id,d1_0.department_id,d1_0.name,f1_0.designation,dc1_0.designation,dc1_0.max_lab_hours,dc1_0.max_lecture_hours,dc1_0.max_total_hours,dc1_0.priority_level,f1_0.first_name,f1_0.last_name,f1_0.middle_initial,f1_0.user_id,u1_0.user_id,u1_0.department_id,u1_0.email,u1_0.password_hash,u1_0.requires_password_reset,u1_0.role from faculty f1_0 join departments d1_0 on d1_0.department_id=f1_0.department_id join designation_constraints dc1_0 on dc1_0.designation=f1_0.designation join users u1_0 on u1_0.user_id=f1_0.user_id where f1_0.faculty_id=?
Hibernate: select c1_0.course_id,c1_0.course_code,c1_0.course_name,c1_0.course_type,c1_0.credit_hours,c1_0.lecture_hours,c1_0.practical_hours,c1_0.tutorial_hours from courses c1_0 where c1_0.course_id=?
Hibernate: select s1_0.section_id,s1_0.department_id,d1_0.department_id,d1_0.name,s1_0.name,s1_0.semester,s1_0.student_count,s1_0."year" from sections s1_0 join departments d1_0 on d1_0.department_id=s1_0.department_id where s1_0.section_id=?
Hibernate: select f1_0.faculty_id,f1_0.department_id,d1_0.department_id,d1_0.name,f1_0.designation,dc1_0.designation,dc1_0.max_lab_hours,dc1_0.max_lecture_hours,dc1_0.max_total_hours,dc1_0.priority_level,f1_0.first_name,f1_0.last_name,f1_0.middle_initial,f1_0.user_id,u1_0.user_id,u1_0.department_id,u1_0.email,u1_0.password_hash,u1_0.requires_password_reset,u1_0.role from faculty f1_0 join departments d1_0 on d1_0.department_id=f1_0.department_id join designation_constraints dc1_0 on dc1_0.designation=f1_0.designation join users u1_0 on u1_0.user_id=f1_0.user_id where f1_0.faculty_id=?
Hibernate: select s1_0.section_id,s1_0.department_id,d1_0.department_id,d1_0.name,s1_0.name,s1_0.semester,s1_0.student_count,s1_0."year" from sections s1_0 join departments d1_0 on d1_0.department_id=s1_0.department_id where s1_0.section_id=?
Hibernate: select s1_0.section_id,s1_0.department_id,d1_0.department_id,d1_0.name,s1_0.name,s1_0.semester,s1_0.student_count,s1_0."year" from sections s1_0 join departments d1_0 on d1_0.department_id=s1_0.department_id where s1_0.section_id=?
Hibernate: select s1_0.section_id,s1_0.department_id,d1_0.department_id,d1_0.name,s1_0.name,s1_0.semester,s1_0.student_count,s1_0."year" from sections s1_0 join departments d1_0 on d1_0.department_id=s1_0.department_id where s1_0.section_id=?
Hibernate: select c1_0.course_id,c1_0.course_code,c1_0.course_name,c1_0.course_type,c1_0.credit_hours,c1_0.lecture_hours,c1_0.practical_hours,c1_0.tutorial_hours from courses c1_0 where c1_0.course_id=?
Hibernate: select f1_0.faculty_id,f1_0.department_id,d1_0.department_id,d1_0.name,f1_0.designation,dc1_0.designation,dc1_0.max_lab_hours,dc1_0.max_lecture_hours,dc1_0.max_total_hours,dc1_0.priority_level,f1_0.first_name,f1_0.last_name,f1_0.middle_initial,f1_0.user_id,u1_0.user_id,u1_0.department_id,u1_0.email,u1_0.password_hash,u1_0.requires_password_reset,u1_0.role from faculty f1_0 join departments d1_0 on d1_0.department_id=f1_0.department_id join designation_constraints dc1_0 on dc1_0.designation=f1_0.designation join users u1_0 on u1_0.user_id=f1_0.user_id where f1_0.faculty_id=?
Hibernate: select f1_0.faculty_id,f1_0.department_id,d1_0.department_id,d1_0.name,f1_0.designation,dc1_0.designation,dc1_0.max_lab_hours,dc1_0.max_lecture_hours,dc1_0.max_total_hours,dc1_0.priority_level,f1_0.first_name,f1_0.last_name,f1_0.middle_initial,f1_0.user_id,u1_0.user_id,u1_0.department_id,u1_0.email,u1_0.password_hash,u1_0.requires_password_reset,u1_0.role from faculty f1_0 join departments d1_0 on d1_0.department_id=f1_0.department_id join designation_constraints dc1_0 on dc1_0.designation=f1_0.designation join users u1_0 on u1_0.user_id=f1_0.user_id where f1_0.faculty_id=?
Hibernate: select c1_0.course_id,c1_0.course_code,c1_0.course_name,c1_0.course_type,c1_0.credit_hours,c1_0.lecture_hours,c1_0.practical_hours,c1_0.tutorial_hours from courses c1_0 where c1_0.course_id=?
Hibernate: select c1_0.course_id,c1_0.course_code,c1_0.course_name,c1_0.course_type,c1_0.credit_hours,c1_0.lecture_hours,c1_0.practical_hours,c1_0.tutorial_hours from courses c1_0 where c1_0.course_id=?
Hibernate: select f1_0.faculty_id,f1_0.department_id,d1_0.department_id,d1_0.name,f1_0.designation,dc1_0.designation,dc1_0.max_lab_hours,dc1_0.max_lecture_hours,dc1_0.max_total_hours,dc1_0.priority_level,f1_0.first_name,f1_0.last_name,f1_0.middle_initial,f1_0.user_id,u1_0.user_id,u1_0.department_id,u1_0.email,u1_0.password_hash,u1_0.requires_password_reset,u1_0.role from faculty f1_0 join departments d1_0 on d1_0.department_id=f1_0.department_id join designation_constraints dc1_0 on dc1_0.designation=f1_0.designation join users u1_0 on u1_0.user_id=f1_0.user_id where f1_0.faculty_id=?
Hibernate: select f1_0.faculty_id,f1_0.department_id,d1_0.department_id,d1_0.name,f1_0.designation,dc1_0.designation,dc1_0.max_lab_hours,dc1_0.max_lecture_hours,dc1_0.max_total_hours,dc1_0.priority_level,f1_0.first_name,f1_0.last_name,f1_0.middle_initial,f1_0.user_id,u1_0.user_id,u1_0.department_id,u1_0.email,u1_0.password_hash,u1_0.requires_password_reset,u1_0.role from faculty f1_0 join departments d1_0 on d1_0.department_id=f1_0.department_id join designation_constraints dc1_0 on dc1_0.designation=f1_0.designation join users u1_0 on u1_0.user_id=f1_0.user_id where f1_0.faculty_id=?
Hibernate: select c1_0.course_id,c1_0.course_code,c1_0.course_name,c1_0.course_type,c1_0.credit_hours,c1_0.lecture_hours,c1_0.practical_hours,c1_0.tutorial_hours from courses c1_0 where c1_0.course_id=?
Hibernate: select s1_0.section_id,s1_0.department_id,d1_0.department_id,d1_0.name,s1_0.name,s1_0.semester,s1_0.student_count,s1_0."year" from sections s1_0 join departments d1_0 on d1_0.department_id=s1_0.department_id where s1_0.section_id=?
Hibernate: select c1_0.course_id,c1_0.course_code,c1_0.course_name,c1_0.course_type,c1_0.credit_hours,c1_0.lecture_hours,c1_0.practical_hours,c1_0.tutorial_hours from courses c1_0 where c1_0.course_id=?
Hibernate: select c1_0.course_id,c1_0.course_code,c1_0.course_name,c1_0.course_type,c1_0.credit_hours,c1_0.lecture_hours,c1_0.practical_hours,c1_0.tutorial_hours from courses c1_0 where c1_0.course_id=?
Hibernate: select f1_0.faculty_id,f1_0.department_id,d1_0.department_id,d1_0.name,f1_0.designation,dc1_0.designation,dc1_0.max_lab_hours,dc1_0.max_lecture_hours,dc1_0.max_total_hours,dc1_0.priority_level,f1_0.first_name,f1_0.last_name,f1_0.middle_initial,f1_0.user_id,u1_0.user_id,u1_0.department_id,u1_0.email,u1_0.password_hash,u1_0.requires_password_reset,u1_0.role from faculty f1_0 join departments d1_0 on d1_0.department_id=f1_0.department_id join designation_constraints dc1_0 on dc1_0.designation=f1_0.designation join users u1_0 on u1_0.user_id=f1_0.user_id where f1_0.faculty_id=?
Hibernate: select f1_0.faculty_id,f1_0.department_id,d1_0.department_id,d1_0.name,f1_0.designation,dc1_0.designation,dc1_0.max_lab_hours,dc1_0.max_lecture_hours,dc1_0.max_total_hours,dc1_0.priority_level,f1_0.first_name,f1_0.last_name,f1_0.middle_initial,f1_0.user_id,u1_0.user_id,u1_0.department_id,u1_0.email,u1_0.password_hash,u1_0.requires_password_reset,u1_0.role from faculty f1_0 join departments d1_0 on d1_0.department_id=f1_0.department_id join designation_constraints dc1_0 on dc1_0.designation=f1_0.designation join users u1_0 on u1_0.user_id=f1_0.user_id where f1_0.faculty_id=?
Hibernate: select c1_0.course_id,c1_0.course_code,c1_0.course_name,c1_0.course_type,c1_0.credit_hours,c1_0.lecture_hours,c1_0.practical_hours,c1_0.tutorial_hours from courses c1_0 where c1_0.course_id=?
Hibernate: select c1_0.course_id,c1_0.course_code,c1_0.course_name,c1_0.course_type,c1_0.credit_hours,c1_0.lecture_hours,c1_0.practical_hours,c1_0.tutorial_hours from courses c1_0 where c1_0.course_id=?
Hibernate: select f1_0.faculty_id,f1_0.department_id,d1_0.department_id,d1_0.name,f1_0.designation,dc1_0.designation,dc1_0.max_lab_hours,dc1_0.max_lecture_hours,dc1_0.max_total_hours,dc1_0.priority_level,f1_0.first_name,f1_0.last_name,f1_0.middle_initial,f1_0.user_id,u1_0.user_id,u1_0.department_id,u1_0.email,u1_0.password_hash,u1_0.requires_password_reset,u1_0.role from faculty f1_0 join departments d1_0 on d1_0.department_id=f1_0.department_id join designation_constraints dc1_0 on dc1_0.designation=f1_0.designation join users u1_0 on u1_0.user_id=f1_0.user_id where f1_0.faculty_id=?
Hibernate: select f1_0.faculty_id,f1_0.department_id,d1_0.department_id,d1_0.name,f1_0.designation,dc1_0.designation,dc1_0.max_lab_hours,dc1_0.max_lecture_hours,dc1_0.max_total_hours,dc1_0.priority_level,f1_0.first_name,f1_0.last_name,f1_0.middle_initial,f1_0.user_id,u1_0.user_id,u1_0.department_id,u1_0.email,u1_0.password_hash,u1_0.requires_password_reset,u1_0.role from faculty f1_0 join departments d1_0 on d1_0.department_id=f1_0.department_id join designation_constraints dc1_0 on dc1_0.designation=f1_0.designation join users u1_0 on u1_0.user_id=f1_0.user_id where f1_0.faculty_id=?
Hibernate: select c1_0.course_id,c1_0.course_code,c1_0.course_name,c1_0.course_type,c1_0.credit_hours,c1_0.lecture_hours,c1_0.practical_hours,c1_0.tutorial_hours from courses c1_0 where c1_0.course_id=?
Hibernate: select c1_0.course_id,c1_0.course_code,c1_0.course_name,c1_0.course_type,c1_0.credit_hours,c1_0.lecture_hours,c1_0.practical_hours,c1_0.tutorial_hours from courses c1_0 where c1_0.course_id=?
Hibernate: select f1_0.faculty_id,f1_0.department_id,d1_0.department_id,d1_0.name,f1_0.designation,dc1_0.designation,dc1_0.max_lab_hours,dc1_0.max_lecture_hours,dc1_0.max_total_hours,dc1_0.priority_level,f1_0.first_name,f1_0.last_name,f1_0.middle_initial,f1_0.user_id,u1_0.user_id,u1_0.department_id,u1_0.email,u1_0.password_hash,u1_0.requires_password_reset,u1_0.role from faculty f1_0 join departments d1_0 on d1_0.department_id=f1_0.department_id join designation_constraints dc1_0 on dc1_0.designation=f1_0.designation join users u1_0 on u1_0.user_id=f1_0.user_id where f1_0.faculty_id=?
Hibernate: select c1_0.course_id,c1_0.course_code,c1_0.course_name,c1_0.course_type,c1_0.credit_hours,c1_0.lecture_hours,c1_0.practical_hours,c1_0.tutorial_hours from courses c1_0 where c1_0.course_id=?
Hibernate: select c1_0.course_id,c1_0.course_code,c1_0.course_name,c1_0.course_type,c1_0.credit_hours,c1_0.lecture_hours,c1_0.practical_hours,c1_0.tutorial_hours from courses c1_0 where c1_0.course_id=?
Hibernate: select c1_0.course_id,c1_0.course_code,c1_0.course_name,c1_0.course_type,c1_0.credit_hours,c1_0.lecture_hours,c1_0.practical_hours,c1_0.tutorial_hours from courses c1_0 where c1_0.course_id=?
Hibernate: select f1_0.faculty_id,f1_0.department_id,d1_0.department_id,d1_0.name,f1_0.designation,dc1_0.designation,dc1_0.max_lab_hours,dc1_0.max_lecture_hours,dc1_0.max_total_hours,dc1_0.priority_level,f1_0.first_name,f1_0.last_name,f1_0.middle_initial,f1_0.user_id,u1_0.user_id,u1_0.department_id,u1_0.email,u1_0.password_hash,u1_0.requires_password_reset,u1_0.role from faculty f1_0 join departments d1_0 on d1_0.department_id=f1_0.department_id join designation_constraints dc1_0 on dc1_0.designation=f1_0.designation join users u1_0 on u1_0.user_id=f1_0.user_id where f1_0.faculty_id=?
Hibernate: select c1_0.course_id,c1_0.course_code,c1_0.course_name,c1_0.course_type,c1_0.credit_hours,c1_0.lecture_hours,c1_0.practical_hours,c1_0.tutorial_hours from courses c1_0 where c1_0.course_id=?
Hibernate: select c1_0.course_id,c1_0.course_code,c1_0.course_name,c1_0.course_type,c1_0.credit_hours,c1_0.lecture_hours,c1_0.practical_hours,c1_0.tutorial_hours from courses c1_0 where c1_0.course_id=?
Hibernate: select f1_0.faculty_id,f1_0.department_id,d1_0.department_id,d1_0.name,f1_0.designation,dc1_0.designation,dc1_0.max_lab_hours,dc1_0.max_lecture_hours,dc1_0.max_total_hours,dc1_0.priority_level,f1_0.first_name,f1_0.last_name,f1_0.middle_initial,f1_0.user_id,u1_0.user_id,u1_0.department_id,u1_0.email,u1_0.password_hash,u1_0.requires_password_reset,u1_0.role from faculty f1_0 join departments d1_0 on d1_0.department_id=f1_0.department_id join designation_constraints dc1_0 on dc1_0.designation=f1_0.designation join users u1_0 on u1_0.user_id=f1_0.user_id where f1_0.faculty_id=?
Hibernate: select c1_0.course_id,c1_0.course_code,c1_0.course_name,c1_0.course_type,c1_0.credit_hours,c1_0.lecture_hours,c1_0.practical_hours,c1_0.tutorial_hours from courses c1_0 where c1_0.course_id=?
Hibernate: select s1_0.section_id,s1_0.department_id,d1_0.department_id,d1_0.name,s1_0.name,s1_0.semester,s1_0.student_count,s1_0."year" from sections s1_0 join departments d1_0 on d1_0.department_id=s1_0.department_id where s1_0.section_id=?
Hibernate: select c1_0.course_id,c1_0.course_code,c1_0.course_name,c1_0.course_type,c1_0.credit_hours,c1_0.lecture_hours,c1_0.practical_hours,c1_0.tutorial_hours from courses c1_0 where c1_0.course_id=?
Hibernate: select s1_0.section_id,s1_0.department_id,d1_0.department_id,d1_0.name,s1_0.name,s1_0.semester,s1_0.student_count,s1_0."year" from sections s1_0 join departments d1_0 on d1_0.department_id=s1_0.department_id where s1_0.section_id=?
Hibernate: select s1_0.section_id,s1_0.department_id,d1_0.department_id,d1_0.name,s1_0.name,s1_0.semester,s1_0.student_count,s1_0."year" from sections s1_0 join departments d1_0 on d1_0.department_id=s1_0.department_id where s1_0.section_id=?
Hibernate: select s1_0.section_id,s1_0.department_id,d1_0.department_id,d1_0.name,s1_0.name,s1_0.semester,s1_0.student_count,s1_0."year" from sections s1_0 join departments d1_0 on d1_0.department_id=s1_0.department_id where s1_0.section_id=?
Hibernate: select s1_0.section_id,s1_0.department_id,d1_0.department_id,d1_0.name,s1_0.name,s1_0.semester,s1_0.student_count,s1_0."year" from sections s1_0 join departments d1_0 on d1_0.department_id=s1_0.department_id where s1_0.section_id=?
Hibernate: select f1_0.faculty_id,f1_0.department_id,d1_0.department_id,d1_0.name,f1_0.designation,dc1_0.designation,dc1_0.max_lab_hours,dc1_0.max_lecture_hours,dc1_0.max_total_hours,dc1_0.priority_level,f1_0.first_name,f1_0.last_name,f1_0.middle_initial,f1_0.user_id,u1_0.user_id,u1_0.department_id,u1_0.email,u1_0.password_hash,u1_0.requires_password_reset,u1_0.role from faculty f1_0 join departments d1_0 on d1_0.department_id=f1_0.department_id join designation_constraints dc1_0 on dc1_0.designation=f1_0.designation join users u1_0 on u1_0.user_id=f1_0.user_id where f1_0.faculty_id=?
Hibernate: select s1_0.section_id,s1_0.department_id,d1_0.department_id,d1_0.name,s1_0.name,s1_0.semester,s1_0.student_count,s1_0."year" from sections s1_0 join departments d1_0 on d1_0.department_id=s1_0.department_id where s1_0.section_id=?
Hibernate: select f1_0.faculty_id,f1_0.department_id,d1_0.department_id,d1_0.name,f1_0.designation,dc1_0.designation,dc1_0.max_lab_hours,dc1_0.max_lecture_hours,dc1_0.max_total_hours,dc1_0.priority_level,f1_0.first_name,f1_0.last_name,f1_0.middle_initial,f1_0.user_id,u1_0.user_id,u1_0.department_id,u1_0.email,u1_0.password_hash,u1_0.requires_password_reset,u1_0.role from faculty f1_0 join departments d1_0 on d1_0.department_id=f1_0.department_id join designation_constraints dc1_0 on dc1_0.designation=f1_0.designation join users u1_0 on u1_0.user_id=f1_0.user_id where f1_0.faculty_id=?
Hibernate: select r1_0.room_id,r1_0.capacity,r1_0.room_number,r1_0.type from rooms r1_0
Hibernate: select s1_0.section_id,s1_0.department_id,d1_0.department_id,d1_0.name,s1_0.name,s1_0.semester,s1_0.student_count,s1_0."year" from sections s1_0 join departments d1_0 on d1_0.department_id=s1_0.department_id where s1_0.section_id=?
Hibernate: select c1_0.course_id,c1_0.course_code,c1_0.course_name,c1_0.course_type,c1_0.credit_hours,c1_0.lecture_hours,c1_0.practical_hours,c1_0.tutorial_hours from courses c1_0 where c1_0.course_id=?
Hibernate: select ts1_0.time_slot_id,ts1_0.is_break,ts1_0.day_of_week,ts1_0.end_time,ts1_0.semester_group,ts1_0.start_time from time_slots ts1_0 order by ts1_0.day_of_week,ts1_0.start_time
Hibernate: select f1_0.faculty_id,f1_0.department_id,d1_0.department_id,d1_0.name,f1_0.designation,dc1_0.designation,dc1_0.max_lab_hours,dc1_0.max_lecture_hours,dc1_0.max_total_hours,dc1_0.priority_level,f1_0.first_name,f1_0.last_name,f1_0.middle_initial,f1_0.user_id,u1_0.user_id,u1_0.department_id,u1_0.email,u1_0.password_hash,u1_0.requires_password_reset,u1_0.role from faculty f1_0 join departments d1_0 on d1_0.department_id=f1_0.department_id join designation_constraints dc1_0 on dc1_0.designation=f1_0.designation join users u1_0 on u1_0.user_id=f1_0.user_id where f1_0.faculty_id=?
Hibernate: insert into scheduled_classes (offering_id,day_of_week,end_time,room_id,start_time) values (?,?,?,?,?)
Hibernate: select s1_0.section_id,s1_0.department_id,d1_0.department_id,d1_0.name,s1_0.name,s1_0.semester,s1_0.student_count,s1_0."year" from sections s1_0 join departments d1_0 on d1_0.department_id=s1_0.department_id where s1_0.section_id=?
Hibernate: insert into scheduled_classes (offering_id,day_of_week,end_time,room_id,start_time) values (?,?,?,?,?)
Hibernate: select c1_0.course_id,c1_0.course_code,c1_0.course_name,c1_0.course_type,c1_0.credit_hours,c1_0.lecture_hours,c1_0.practical_hours,c1_0.tutorial_hours from courses c1_0 where c1_0.course_id=?
Hibernate: select f1_0.faculty_id,f1_0.department_id,d1_0.department_id,d1_0.name,f1_0.designation,dc1_0.designation,dc1_0.max_lab_hours,dc1_0.max_lecture_hours,dc1_0.max_total_hours,dc1_0.priority_level,f1_0.first_name,f1_0.last_name,f1_0.middle_initial,f1_0.user_id,u1_0.user_id,u1_0.department_id,u1_0.email,u1_0.password_hash,u1_0.requires_password_reset,u1_0.role from faculty f1_0 join departments d1_0 on d1_0.department_id=f1_0.department_id join designation_constraints dc1_0 on dc1_0.designation=f1_0.designation join users u1_0 on u1_0.user_id=f1_0.user_id where f1_0.faculty_id=?
Hibernate: insert into scheduled_classes (offering_id,day_of_week,end_time,room_id,start_time) values (?,?,?,?,?)
Hibernate: select c1_0.course_id,c1_0.course_code,c1_0.course_name,c1_0.course_type,c1_0.credit_hours,c1_0.lecture_hours,c1_0.practical_hours,c1_0.tutorial_hours from courses c1_0 where c1_0.course_id=?
Hibernate: insert into scheduled_classes (offering_id,day_of_week,end_time,room_id,start_time) values (?,?,?,?,?)
Hibernate: select c1_0.course_id,c1_0.course_code,c1_0.course_name,c1_0.course_type,c1_0.credit_hours,c1_0.lecture_hours,c1_0.practical_hours,c1_0.tutorial_hours from courses c1_0 where c1_0.course_id=?
Hibernate: insert into scheduled_classes (offering_id,day_of_week,end_time,room_id,start_time) values (?,?,?,?,?)
Hibernate: select f1_0.faculty_id,f1_0.department_id,d1_0.department_id,d1_0.name,f1_0.designation,dc1_0.designation,dc1_0.max_lab_hours,dc1_0.max_lecture_hours,dc1_0.max_total_hours,dc1_0.priority_level,f1_0.first_name,f1_0.last_name,f1_0.middle_initial,f1_0.user_id,u1_0.user_id,u1_0.department_id,u1_0.email,u1_0.password_hash,u1_0.requires_password_reset,u1_0.role from faculty f1_0 join departments d1_0 on d1_0.department_id=f1_0.department_id join designation_constraints dc1_0 on dc1_0.designation=f1_0.designation join users u1_0 on u1_0.user_id=f1_0.user_id where f1_0.faculty_id=?
Hibernate: insert into scheduled_classes (offering_id,day_of_week,end_time,room_id,start_time) values (?,?,?,?,?)
Hibernate: select c1_0.course_id,c1_0.course_code,c1_0.course_name,c1_0.course_type,c1_0.credit_hours,c1_0.lecture_hours,c1_0.practical_hours,c1_0.tutorial_hours from courses c1_0 where c1_0.course_id=?
Hibernate: insert into scheduled_classes (offering_id,day_of_week,end_time,room_id,start_time) values (?,?,?,?,?)
Hibernate: select f1_0.faculty_id,f1_0.department_id,d1_0.department_id,d1_0.name,f1_0.designation,dc1_0.designation,dc1_0.max_lab_hours,dc1_0.max_lecture_hours,dc1_0.max_total_hours,dc1_0.priority_level,f1_0.first_name,f1_0.last_name,f1_0.middle_initial,f1_0.user_id,u1_0.user_id,u1_0.department_id,u1_0.email,u1_0.password_hash,u1_0.requires_password_reset,u1_0.role from faculty f1_0 join departments d1_0 on d1_0.department_id=f1_0.department_id join designation_constraints dc1_0 on dc1_0.designation=f1_0.designation join users u1_0 on u1_0.user_id=f1_0.user_id where f1_0.faculty_id=?
Hibernate: insert into scheduled_classes (offering_id,day_of_week,end_time,room_id,start_time) values (?,?,?,?,?)
Hibernate: select c1_0.course_id,c1_0.course_code,c1_0.course_name,c1_0.course_type,c1_0.credit_hours,c1_0.lecture_hours,c1_0.practical_hours,c1_0.tutorial_hours from courses c1_0 where c1_0.course_id=?
Hibernate: insert into scheduled_classes (offering_id,day_of_week,end_time,room_id,start_time) values (?,?,?,?,?)
Hibernate: select f1_0.faculty_id,f1_0.department_id,d1_0.department_id,d1_0.name,f1_0.designation,dc1_0.designation,dc1_0.max_lab_hours,dc1_0.max_lecture_hours,dc1_0.max_total_hours,dc1_0.priority_level,f1_0.first_name,f1_0.last_name,f1_0.middle_initial,f1_0.user_id,u1_0.user_id,u1_0.department_id,u1_0.email,u1_0.password_hash,u1_0.requires_password_reset,u1_0.role from faculty f1_0 join departments d1_0 on d1_0.department_id=f1_0.department_id join designation_constraints dc1_0 on dc1_0.designation=f1_0.designation join users u1_0 on u1_0.user_id=f1_0.user_id where f1_0.faculty_id=?
Hibernate: insert into scheduled_classes (offering_id,day_of_week,end_time,room_id,start_time) values (?,?,?,?,?)
Hibernate: select s1_0.section_id,s1_0.department_id,d1_0.department_id,d1_0.name,s1_0.name,s1_0.semester,s1_0.student_count,s1_0."year" from sections s1_0 join departments d1_0 on d1_0.department_id=s1_0.department_id where s1_0.section_id=?
Hibernate: insert into scheduled_classes (offering_id,day_of_week,end_time,room_id,start_time) values (?,?,?,?,?)
Hibernate: select s1_0.section_id,s1_0.department_id,d1_0.department_id,d1_0.name,s1_0.name,s1_0.semester,s1_0.student_count,s1_0."year" from sections s1_0 join departments d1_0 on d1_0.department_id=s1_0.department_id where s1_0.section_id=?
Hibernate: select s1_0.section_id,s1_0.department_id,d1_0.department_id,d1_0.name,s1_0.name,s1_0.semester,s1_0.student_count,s1_0."year" from sections s1_0 join departments d1_0 on d1_0.department_id=s1_0.department_id where s1_0.section_id=?
Hibernate: insert into scheduled_classes (offering_id,day_of_week,end_time,room_id,start_time) values (?,?,?,?,?)
Hibernate: select f1_0.faculty_id,f1_0.department_id,d1_0.department_id,d1_0.name,f1_0.designation,dc1_0.designation,dc1_0.max_lab_hours,dc1_0.max_lecture_hours,dc1_0.max_total_hours,dc1_0.priority_level,f1_0.first_name,f1_0.last_name,f1_0.middle_initial,f1_0.user_id,u1_0.user_id,u1_0.department_id,u1_0.email,u1_0.password_hash,u1_0.requires_password_reset,u1_0.role from faculty f1_0 join departments d1_0 on d1_0.department_id=f1_0.department_id join designation_constraints dc1_0 on dc1_0.designation=f1_0.designation join users u1_0 on u1_0.user_id=f1_0.user_id where f1_0.faculty_id=?
Hibernate: insert into scheduled_classes (offering_id,day_of_week,end_time,room_id,start_time) values (?,?,?,?,?)
Hibernate: select c1_0.course_id,c1_0.course_code,c1_0.course_name,c1_0.course_type,c1_0.credit_hours,c1_0.lecture_hours,c1_0.practical_hours,c1_0.tutorial_hours from courses c1_0 where c1_0.course_id=?
Hibernate: insert into scheduled_classes (offering_id,day_of_week,end_time,room_id,start_time) values (?,?,?,?,?)
Hibernate: select f1_0.faculty_id,f1_0.department_id,d1_0.department_id,d1_0.name,f1_0.designation,dc1_0.designation,dc1_0.max_lab_hours,dc1_0.max_lecture_hours,dc1_0.max_total_hours,dc1_0.priority_level,f1_0.first_name,f1_0.last_name,f1_0.middle_initial,f1_0.user_id,u1_0.user_id,u1_0.department_id,u1_0.email,u1_0.password_hash,u1_0.requires_password_reset,u1_0.role from faculty f1_0 join departments d1_0 on d1_0.department_id=f1_0.department_id join designation_constraints dc1_0 on dc1_0.designation=f1_0.designation join users u1_0 on u1_0.user_id=f1_0.user_id where f1_0.faculty_id=?
Hibernate: insert into scheduled_classes (offering_id,day_of_week,end_time,room_id,start_time) values (?,?,?,?,?)
Hibernate: select s1_0.section_id,s1_0.department_id,d1_0.department_id,d1_0.name,s1_0.name,s1_0.semester,s1_0.student_count,s1_0."year" from sections s1_0 join departments d1_0 on d1_0.department_id=s1_0.department_id where s1_0.section_id=?
Hibernate: insert into scheduled_classes (offering_id,day_of_week,end_time,room_id,start_time) values (?,?,?,?,?)
Hibernate: select c1_0.course_id,c1_0.course_code,c1_0.course_name,c1_0.course_type,c1_0.credit_hours,c1_0.lecture_hours,c1_0.practical_hours,c1_0.tutorial_hours from courses c1_0 where c1_0.course_id=?
Hibernate: insert into scheduled_classes (offering_id,day_of_week,end_time,room_id,start_time) values (?,?,?,?,?)
Hibernate: select f1_0.faculty_id,f1_0.department_id,d1_0.department_id,d1_0.name,f1_0.designation,dc1_0.designation,dc1_0.max_lab_hours,dc1_0.max_lecture_hours,dc1_0.max_total_hours,dc1_0.priority_level,f1_0.first_name,f1_0.last_name,f1_0.middle_initial,f1_0.user_id,u1_0.user_id,u1_0.department_id,u1_0.email,u1_0.password_hash,u1_0.requires_password_reset,u1_0.role from faculty f1_0 join departments d1_0 on d1_0.department_id=f1_0.department_id join designation_constraints dc1_0 on dc1_0.designation=f1_0.designation join users u1_0 on u1_0.user_id=f1_0.user_id where f1_0.faculty_id=?
Hibernate: insert into scheduled_classes (offering_id,day_of_week,end_time,room_id,start_time) values (?,?,?,?,?)
Hibernate: select c1_0.course_id,c1_0.course_code,c1_0.course_name,c1_0.course_type,c1_0.credit_hours,c1_0.lecture_hours,c1_0.practical_hours,c1_0.tutorial_hours from courses c1_0 where c1_0.course_id=?
Hibernate: insert into scheduled_classes (offering_id,day_of_week,end_time,room_id,start_time) values (?,?,?,?,?)
Hibernate: select f1_0.faculty_id,f1_0.department_id,d1_0.department_id,d1_0.name,f1_0.designation,dc1_0.designation,dc1_0.max_lab_hours,dc1_0.max_lecture_hours,dc1_0.max_total_hours,dc1_0.priority_level,f1_0.first_name,f1_0.last_name,f1_0.middle_initial,f1_0.user_id,u1_0.user_id,u1_0.department_id,u1_0.email,u1_0.password_hash,u1_0.requires_password_reset,u1_0.role from faculty f1_0 join departments d1_0 on d1_0.department_id=f1_0.department_id join designation_constraints dc1_0 on dc1_0.designation=f1_0.designation join users u1_0 on u1_0.user_id=f1_0.user_id where f1_0.faculty_id=?
Hibernate: select c1_0.course_id,c1_0.course_code,c1_0.course_name,c1_0.course_type,c1_0.credit_hours,c1_0.lecture_hours,c1_0.practical_hours,c1_0.tutorial_hours from courses c1_0 where c1_0.course_id=?
Hibernate: insert into scheduled_classes (offering_id,day_of_week,end_time,room_id,start_time) values (?,?,?,?,?)
Hibernate: select c1_0.course_id,c1_0.course_code,c1_0.course_name,c1_0.course_type,c1_0.credit_hours,c1_0.lecture_hours,c1_0.practical_hours,c1_0.tutorial_hours from courses c1_0 where c1_0.course_id=?
Hibernate: insert into scheduled_classes (offering_id,day_of_week,end_time,room_id,start_time) values (?,?,?,?,?)
Hibernate: select c1_0.course_id,c1_0.course_code,c1_0.course_name,c1_0.course_type,c1_0.credit_hours,c1_0.lecture_hours,c1_0.practical_hours,c1_0.tutorial_hours from courses c1_0 where c1_0.course_id=?
Hibernate: insert into scheduled_classes (offering_id,day_of_week,end_time,room_id,start_time) values (?,?,?,?,?)
Hibernate: select c1_0.course_id,c1_0.course_code,c1_0.course_name,c1_0.course_type,c1_0.credit_hours,c1_0.lecture_hours,c1_0.practical_hours,c1_0.tutorial_hours from courses c1_0 where c1_0.course_id=?
Hibernate: insert into scheduled_classes (offering_id,day_of_week,end_time,room_id,start_time) values (?,?,?,?,?)
Hibernate: select f1_0.faculty_id,f1_0.department_id,d1_0.department_id,d1_0.name,f1_0.designation,dc1_0.designation,dc1_0.max_lab_hours,dc1_0.max_lecture_hours,dc1_0.max_total_hours,dc1_0.priority_level,f1_0.first_name,f1_0.last_name,f1_0.middle_initial,f1_0.user_id,u1_0.user_id,u1_0.department_id,u1_0.email,u1_0.password_hash,u1_0.requires_password_reset,u1_0.role from faculty f1_0 join departments d1_0 on d1_0.department_id=f1_0.department_id join designation_constraints dc1_0 on dc1_0.designation=f1_0.designation join users u1_0 on u1_0.user_id=f1_0.user_id where f1_0.faculty_id=?
Hibernate: insert into scheduled_classes (offering_id,day_of_week,end_time,room_id,start_time) values (?,?,?,?,?)
Hibernate: select c1_0.course_id,c1_0.course_code,c1_0.course_name,c1_0.course_type,c1_0.credit_hours,c1_0.lecture_hours,c1_0.practical_hours,c1_0.tutorial_hours from courses c1_0 where c1_0.course_id=?
Hibernate: insert into scheduled_classes (offering_id,day_of_week,end_time,room_id,start_time) values (?,?,?,?,?)
Hibernate: select s1_0.section_id,s1_0.department_id,d1_0.department_id,d1_0.name,s1_0.name,s1_0.semester,s1_0.student_count,s1_0."year" from sections s1_0 join departments d1_0 on d1_0.department_id=s1_0.department_id where s1_0.section_id=?
Hibernate: insert into scheduled_classes (offering_id,day_of_week,end_time,room_id,start_time) values (?,?,?,?,?)
Hibernate: select s1_0.section_id,s1_0.department_id,d1_0.department_id,d1_0.name,s1_0.name,s1_0.semester,s1_0.student_count,s1_0."year" from sections s1_0 join departments d1_0 on d1_0.department_id=s1_0.department_id where s1_0.section_id=?
Hibernate: insert into scheduled_classes (offering_id,day_of_week,end_time,room_id,start_time) values (?,?,?,?,?)
Hibernate: select s1_0.section_id,s1_0.department_id,d1_0.department_id,d1_0.name,s1_0.name,s1_0.semester,s1_0.student_count,s1_0."year" from sections s1_0 join departments d1_0 on d1_0.department_id=s1_0.department_id where s1_0.section_id=?
Hibernate: insert into scheduled_classes (offering_id,day_of_week,end_time,room_id,start_time) values (?,?,?,?,?)
Hibernate: insert into scheduled_classes (offering_id,day_of_week,end_time,room_id,start_time) values (?,?,?,?,?)
Hibernate: insert into scheduled_classes (offering_id,day_of_week,end_time,room_id,start_time) values (?,?,?,?,?)
Hibernate: insert into scheduled_classes (offering_id,day_of_week,end_time,room_id,start_time) values (?,?,?,?,?)
Hibernate: insert into scheduled_classes (offering_id,day_of_week,end_time,room_id,start_time) values (?,?,?,?,?)
Hibernate: insert into scheduled_classes (offering_id,day_of_week,end_time,room_id,start_time) values (?,?,?,?,?)
Hibernate: insert into scheduled_classes (offering_id,day_of_week,end_time,room_id,start_time) values (?,?,?,?,?)
Hibernate: insert into scheduled_classes (offering_id,day_of_week,end_time,room_id,start_time) values (?,?,?,?,?)
Hibernate: insert into scheduled_classes (offering_id,day_of_week,end_time,room_id,start_time) values (?,?,?,?,?)
Hibernate: insert into scheduled_classes (offering_id,day_of_week,end_time,room_id,start_time) values (?,?,?,?,?)
Hibernate: insert into scheduled_classes (offering_id,day_of_week,end_time,room_id,start_time) values (?,?,?,?,?)
Hibernate: insert into scheduled_classes (offering_id,day_of_week,end_time,room_id,start_time) values (?,?,?,?,?)
Hibernate: insert into scheduled_classes (offering_id,day_of_week,end_time,room_id,start_time) values (?,?,?,?,?)
Hibernate: insert into scheduled_classes (offering_id,day_of_week,end_time,room_id,start_time) values (?,?,?,?,?)
Hibernate: insert into scheduled_classes (offering_id,day_of_week,end_time,room_id,start_time) values (?,?,?,?,?)
Hibernate: insert into scheduled_classes (offering_id,day_of_week,end_time,room_id,start_time) values (?,?,?,?,?)
Hibernate: insert into scheduled_classes (offering_id,day_of_week,end_time,room_id,start_time) values (?,?,?,?,?)
Hibernate: insert into scheduled_classes (offering_id,day_of_week,end_time,room_id,start_time) values (?,?,?,?,?)
Hibernate: insert into scheduled_classes (offering_id,day_of_week,end_time,room_id,start_time) values (?,?,?,?,?)
Hibernate: insert into scheduled_classes (offering_id,day_of_week,end_time,room_id,start_time) values (?,?,?,?,?)
Hibernate: insert into scheduled_classes (offering_id,day_of_week,end_time,room_id,start_time) values (?,?,?,?,?)
Hibernate: insert into scheduled_classes (offering_id,day_of_week,end_time,room_id,start_time) values (?,?,?,?,?)
Hibernate: insert into scheduled_classes (offering_id,day_of_week,end_time,room_id,start_time) values (?,?,?,?,?)
Hibernate: insert into scheduled_classes (offering_id,day_of_week,end_time,room_id,start_time) values (?,?,?,?,?)
Hibernate: insert into scheduled_classes (offering_id,day_of_week,end_time,room_id,start_time) values (?,?,?,?,?)
Hibernate: insert into scheduled_classes (offering_id,day_of_week,end_time,room_id,start_time) values (?,?,?,?,?)
Hibernate: insert into scheduled_classes (offering_id,day_of_week,end_time,room_id,start_time) values (?,?,?,?,?)
Hibernate: insert into scheduled_classes (offering_id,day_of_week,end_time,room_id,start_time) values (?,?,?,?,?)
Hibernate: insert into scheduled_classes (offering_id,day_of_week,end_time,room_id,start_time) values (?,?,?,?,?)
Hibernate: insert into scheduled_classes (offering_id,day_of_week,end_time,room_id,start_time) values (?,?,?,?,?)
Hibernate: insert into scheduled_classes (offering_id,day_of_week,end_time,room_id,start_time) values (?,?,?,?,?)
Hibernate: insert into scheduled_classes (offering_id,day_of_week,end_time,room_id,start_time) values (?,?,?,?,?)
Hibernate: insert into scheduled_classes (offering_id,day_of_week,end_time,room_id,start_time) values (?,?,?,?,?)
Hibernate: insert into scheduled_classes (offering_id,day_of_week,end_time,room_id,start_time) values (?,?,?,?,?)
Hibernate: insert into scheduled_classes (offering_id,day_of_week,end_time,room_id,start_time) values (?,?,?,?,?)
Hibernate: insert into scheduled_classes (offering_id,day_of_week,end_time,room_id,start_time) values (?,?,?,?,?)
Hibernate: insert into scheduled_classes (offering_id,day_of_week,end_time,room_id,start_time) values (?,?,?,?,?)
Hibernate: insert into scheduled_classes (offering_id,day_of_week,end_time,room_id,start_time) values (?,?,?,?,?)
Hibernate: insert into scheduled_classes (offering_id,day_of_week,end_time,room_id,start_time) values (?,?,?,?,?)
Hibernate: insert into scheduled_classes (offering_id,day_of_week,end_time,room_id,start_time) values (?,?,?,?,?)
Hibernate: insert into scheduled_classes (offering_id,day_of_week,end_time,room_id,start_time) values (?,?,?,?,?)
Hibernate: insert into scheduled_classes (offering_id,day_of_week,end_time,room_id,start_time) values (?,?,?,?,?)
Hibernate: insert into scheduled_classes (offering_id,day_of_week,end_time,room_id,start_time) values (?,?,?,?,?)
Hibernate: insert into scheduled_classes (offering_id,day_of_week,end_time,room_id,start_time) values (?,?,?,?,?)
Hibernate: insert into scheduled_classes (offering_id,day_of_week,end_time,room_id,start_time) values (?,?,?,?,?)
Hibernate: insert into scheduled_classes (offering_id,day_of_week,end_time,room_id,start_time) values (?,?,?,?,?)
Hibernate: insert into scheduled_classes (offering_id,day_of_week,end_time,room_id,start_time) values (?,?,?,?,?)
Hibernate: insert into scheduled_classes (offering_id,day_of_week,end_time,room_id,start_time) values (?,?,?,?,?)
Hibernate: insert into scheduled_classes (offering_id,day_of_week,end_time,room_id,start_time) values (?,?,?,?,?)
Hibernate: insert into scheduled_classes (offering_id,day_of_week,end_time,room_id,start_time) values (?,?,?,?,?)
Hibernate: insert into scheduled_classes (offering_id,day_of_week,end_time,room_id,start_time) values (?,?,?,?,?)
Hibernate: insert into scheduled_classes (offering_id,day_of_week,end_time,room_id,start_time) values (?,?,?,?,?)
Hibernate: insert into scheduled_classes (offering_id,day_of_week,end_time,room_id,start_time) values (?,?,?,?,?)
Hibernate: insert into scheduled_classes (offering_id,day_of_week,end_time,room_id,start_time) values (?,?,?,?,?)
Hibernate: insert into scheduled_classes (offering_id,day_of_week,end_time,room_id,start_time) values (?,?,?,?,?)
Hibernate: insert into scheduled_classes (offering_id,day_of_week,end_time,room_id,start_time) values (?,?,?,?,?)
Hibernate: insert into scheduled_classes (offering_id,day_of_week,end_time,room_id,start_time) values (?,?,?,?,?)
Hibernate: insert into scheduled_classes (offering_id,day_of_week,end_time,room_id,start_time) values (?,?,?,?,?)
Hibernate: insert into scheduled_classes (offering_id,day_of_week,end_time,room_id,start_time) values (?,?,?,?,?)
Hibernate: insert into scheduled_classes (offering_id,day_of_week,end_time,room_id,start_time) values (?,?,?,?,?)
Hibernate: insert into scheduled_classes (offering_id,day_of_week,end_time,room_id,start_time) values (?,?,?,?,?)
Hibernate: insert into scheduled_classes (offering_id,day_of_week,end_time,room_id,start_time) values (?,?,?,?,?)
Hibernate: insert into scheduled_classes (offering_id,day_of_week,end_time,room_id,start_time) values (?,?,?,?,?)
Hibernate: insert into scheduled_classes (offering_id,day_of_week,end_time,room_id,start_time) values (?,?,?,?,?)
Hibernate: insert into scheduled_classes (offering_id,day_of_week,end_time,room_id,start_time) values (?,?,?,?,?)
Hibernate: insert into scheduled_classes (offering_id,day_of_week,end_time,room_id,start_time) values (?,?,?,?,?)
Hibernate: insert into scheduled_classes (offering_id,day_of_week,end_time,room_id,start_time) values (?,?,?,?,?)
Hibernate: insert into scheduled_classes (offering_id,day_of_week,end_time,room_id,start_time) values (?,?,?,?,?)
Hibernate: insert into scheduled_classes (offering_id,day_of_week,end_time,room_id,start_time) values (?,?,?,?,?)
Hibernate: insert into scheduled_classes (offering_id,day_of_week,end_time,room_id,start_time) values (?,?,?,?,?)
Hibernate: insert into scheduled_classes (offering_id,day_of_week,end_time,room_id,start_time) values (?,?,?,?,?)
Hibernate: insert into scheduled_classes (offering_id,day_of_week,end_time,room_id,start_time) values (?,?,?,?,?)
Hibernate: insert into scheduled_classes (offering_id,day_of_week,end_time,room_id,start_time) values (?,?,?,?,?)
Hibernate: insert into scheduled_classes (offering_id,day_of_week,end_time,room_id,start_time) values (?,?,?,?,?)
Hibernate: insert into scheduled_classes (offering_id,day_of_week,end_time,room_id,start_time) values (?,?,?,?,?)
Hibernate: insert into scheduled_classes (offering_id,day_of_week,end_time,room_id,start_time) values (?,?,?,?,?)
Hibernate: insert into scheduled_classes (offering_id,day_of_week,end_time,room_id,start_time) values (?,?,?,?,?)
Hibernate: insert into scheduled_classes (offering_id,day_of_week,end_time,room_id,start_time) values (?,?,?,?,?)
Hibernate: insert into scheduled_classes (offering_id,day_of_week,end_time,room_id,start_time) values (?,?,?,?,?)
Hibernate: insert into scheduled_classes (offering_id,day_of_week,end_time,room_id,start_time) values (?,?,?,?,?)
Hibernate: insert into scheduled_classes (offering_id,day_of_week,end_time,room_id,start_time) values (?,?,?,?,?)
Hibernate: insert into scheduled_classes (offering_id,day_of_week,end_time,room_id,start_time) values (?,?,?,?,?)
Hibernate: insert into scheduled_classes (offering_id,day_of_week,end_time,room_id,start_time) values (?,?,?,?,?)
Hibernate: insert into scheduled_classes (offering_id,day_of_week,end_time,room_id,start_time) values (?,?,?,?,?)
Hibernate: select r1_0.room_id,r1_0.capacity,r1_0.room_number,r1_0.type from rooms r1_0
Hibernate: select r1_0.room_id,r1_0.capacity,r1_0.room_number,r1_0.type from rooms r1_0
Hibernate: select r1_0.room_id,r1_0.capacity,r1_0.room_number,r1_0.type from rooms r1_0 where r1_0.room_id=?
Hibernate: update rooms set capacity=?,room_number=?,type=? where room_id=?
Hibernate: select r1_0.room_id,r1_0.capacity,r1_0.room_number,r1_0.type from rooms r1_0
2026-03-04T01:16:04.580+05:30  INFO 532434 --- [ionShutdownHook] o.s.b.w.e.tomcat.GracefulShutdown        : Commencing graceful shutdown. Waiting for active requests to complete
2026-03-04T01:16:04.584+05:30  INFO 532434 --- [tomcat-shutdown] o.s.b.w.e.tomcat.GracefulShutdown        : Graceful shutdown complete
2026-03-04T01:16:04.594+05:30  INFO 532434 --- [ionShutdownHook] j.LocalContainerEntityManagerFactoryBean : Closing JPA EntityManagerFactory for persistence unit 'default'
2026-03-04T01:16:04.597+05:30  INFO 532434 --- [ionShutdownHook] com.zaxxer.hikari.HikariDataSource       : HikariPool-1 - Shutdown initiated...
2026-03-04T01:16:05.218+05:30  INFO 532434 --- [ionShutdownHook] com.zaxxer.hikari.HikariDataSource       : HikariPool-1 - Shutdown completed.
[[1;34mINFO[m] [1m------------------------------------------------------------------------[m
[[1;34mINFO[m] [1;31mBUILD FAILURE[m
[[1;34mINFO[m] [1m------------------------------------------------------------------------[m
[[1;34mINFO[m] Total time:  19:09 min
[[1;34mINFO[m] Finished at: 2026-03-04T01:16:05+05:30
[[1;34mINFO[m] [1m------------------------------------------------------------------------[m
[[1;31mERROR[m] Failed to execute goal [32morg.springframework.boot:spring-boot-maven-plugin:3.5.7:run[m [1m(default-cli)[m on project [36mtimetable-api[m: [1;31mProcess terminated with exit code: 143[m -> [1m[Help 1][m
[[1;31mERROR[m] 
[[1;31mERROR[m] To see the full stack trace of the errors, re-run Maven with the [1m-e[m switch.
[[1;31mERROR[m] Re-run Maven using the [1m-X[m switch to enable full debug logging.
[[1;31mERROR[m] 
[[1;31mERROR[m] For more information about the errors and possible solutions, please read the following articles:
[[1;31mERROR[m] [1m[Help 1][m http://cwiki.apache.org/confluence/display/MAVEN/MojoExecutionException
